1,-222.62245381885202,-222.62245381885202,110
2,-131.27691572061212,-131.27691572061212,80
3,-111.11932927406093,-111.11932927406093,64
4,-119.03245217942911,-119.03245217942911,68
5,-142.865998729681,-142.865998729681,78
6,-98.72704790184105,-98.72704790184105,73
7,-210.36586168948384,-210.36586168948384,97
8,-113.53742044581391,-113.53742044581391,120
9,-563.4084494662045,-563.4084494662045,111
10,-495.89172720074123,-495.89172720074123,90
11,-604.7219471278264,-604.7219471278264,138
12,-283.6636227003617,-283.6636227003617,71
13,-130.52880867917474,-130.52880867917474,67
14,-371.30543070655153,-371.30543070655153,121
15,-210.68402142942855,-210.68402142942855,64
16,-261.3778699553714,-261.3778699553714,61
17,-307.66628106799885,-307.66628106799885,115
18,-216.4398312264301,-216.4398312264301,108
19,-292.69477127135906,-292.69477127135906,107
20,-104.54357159485164,-104.54357159485164,85
21,-344.45221194216015,-344.45221194216015,75
22,-200.24454016412898,-200.24454016412898,121
23,-104.25059470639638,-104.25059470639638,74
24,-114.89714596861288,-114.89714596861288,97
25,-136.19318906839948,-136.19318906839948,72
26,-100.20748877733621,-100.20748877733621,61
27,-138.6170035919788,-138.6170035919788,139
28,-210.1904907770769,-210.1904907770769,92
29,-106.81947532382082,-106.81947532382082,75
30,-100.76707167606544,-100.76707167606544,64
31,-69.08275119080604,-69.08275119080604,96
32,-256.2642033860486,-256.2642033860486,121
33,-152.86257109185567,-152.86257109185567,92
34,-550.0261812348963,-550.0261812348963,129
35,-211.74745032215304,-211.74745032215304,168
36,-295.7858940345876,-295.7858940345876,104
37,-445.53234247505156,-445.53234247505156,108
38,-222.596424725873,-222.596424725873,77
39,-95.91697184111615,-95.91697184111615,77
40,-181.87973659544974,-181.87973659544974,109
41,-137.8843393154184,-137.8843393154184,121
42,-242.45878192984094,-242.45878192984094,116
43,-123.25783775772723,-123.25783775772723,57
44,-195.7197477236602,-195.7197477236602,82
45,-335.4747416585668,-335.4747416585668,101
46,-219.4496828811413,-219.4496828811413,107
47,-109.38366132894734,-109.38366132894734,71
48,-82.08408562618536,-82.08408562618536,75
49,-270.4651400698641,-270.4651400698641,102
50,-183.4415484559293,-183.4415484559293,139
51,-86.63852899713018,-86.63852899713018,85
52,-347.40605321743624,-347.40605321743624,98
53,-85.97019443842767,-85.97019443842767,141
54,-132.17837238533374,-132.17837238533374,83
55,-103.07522102631954,-103.07522102631954,126
56,-109.42030333126432,-109.42030333126432,165
57,-326.5345473016511,-326.5345473016511,208
58,-246.5456503764622,-246.5456503764622,177
59,-166.63384161919777,-166.63384161919777,113
60,-173.23259049803448,-173.23259049803448,135
61,-253.2905931738469,-253.2905931738469,135
62,-139.77355911733616,-139.77355911733616,93
63,-166.77543597764387,-166.77543597764387,143
64,-73.25427661678867,-73.25427661678867,77
65,-196.05704818626344,-196.05704818626344,111
66,-35.621012179438566,-35.621012179438566,68
67,-65.80963529340853,-65.80963529340853,104
68,-78.98225545537818,-78.98225545537818,116
69,-182.93064675749986,-182.93064675749986,167
70,-142.21953234799724,-142.21953234799724,76
71,-104.64313563874695,-104.64313563874695,105
72,-86.4958465461256,-86.4958465461256,84
73,-133.19923515210232,-133.19923515210232,74
74,-86.22758297352742,-86.22758297352742,182
75,-100.4705711674693,-100.4705711674693,135
76,-102.29198805153048,-102.29198805153048,89
77,-73.80648254451347,-73.80648254451347,77
78,-242.21975133730786,-242.21975133730786,132
79,-206.12723019759278,-206.12723019759278,152
80,-175.72363357472446,-175.72363357472446,103
81,-110.06473210601294,-110.06473210601294,95
82,-197.55952516392108,-197.55952516392108,125
83,-52.26288379228187,-52.26288379228187,95
84,-218.3007786008891,-218.3007786008891,96
85,15.322652293026934,15.322652293026934,65
86,-95.00912809648588,-95.00912809648588,81
87,-107.90949328036888,-107.90949328036888,83
88,-283.11923018859204,-283.11923018859204,122
89,-39.021556289445996,-39.021556289445996,132
90,-68.67745565176779,-68.67745565176779,77
91,-261.7013601480797,-261.7013601480797,149
92,-188.25712423926154,-188.25712423926154,122
93,-62.074126118760134,-62.074126118760134,102
94,-120.44765542821875,-120.44765542821875,80
95,-43.61509658084603,-43.61509658084603,91
96,-275.41083991621633,-275.41083991621633,188
97,126.66556493206,126.66556493206,1000
98,-231.92800001510443,-231.92800001510443,135
99,-76.14164205157377,-76.14164205157377,148
100,-180.03133745399975,-180.03133745399975,86
101,-195.53107880565187,-195.53107880565187,199
102,-718.4571381941134,-718.4571381941134,191
103,-257.516443707749,-257.516443707749,107
104,-325.5160910665976,-325.5160910665976,127
105,-59.62188439804957,-59.62188439804957,94
106,-130.64180601905076,-130.64180601905076,147
107,-218.58368733741872,-218.58368733741872,121
108,-89.90066552871335,-89.90066552871335,165
109,-248.50556561136176,-248.50556561136176,191
110,-48.35215047314688,-48.35215047314688,114
111,-277.99812325173355,-277.99812325173355,151
112,-283.3155932677777,-283.3155932677777,167
113,-101.19175975896955,-101.19175975896955,98
114,-12.018275312106255,-12.018275312106255,102
115,-126.97810836181641,-126.97810836181641,133
116,-69.85440466194395,-69.85440466194395,93
117,-258.7171952159765,-258.7171952159765,113
118,-155.4999558148296,-155.4999558148296,92
119,-176.51089309680296,-176.51089309680296,121
120,-191.47173253193978,-191.47173253193978,116
121,-214.77850519635933,-214.77850519635933,149
122,-206.6248025105959,-206.6248025105959,206
123,-164.25662871771578,-164.25662871771578,145
124,-153.97431184512953,-153.97431184512953,115
125,-66.59962166649785,-66.59962166649785,158
126,-167.377717086916,-167.377717086916,164
127,-58.74271131043413,-58.74271131043413,90
128,-54.758915832424336,-54.758915832424336,113
129,-199.94742743883907,-199.94742743883907,143
130,-1.8215344314204742,-1.8215344314204742,113
131,-81.49590246574611,-81.49590246574611,211
132,-283.36659797106256,-283.36659797106256,232
133,59.26172792954739,59.26172792954739,237
134,-167.17946431134936,-167.17946431134936,175
135,-55.98777673867659,-55.98777673867659,139
136,-110.33575601893149,-110.33575601893149,177
137,-82.23846814782286,-82.23846814782286,171
138,-251.06641390682574,-251.06641390682574,172
139,-100.83042752673614,-100.83042752673614,295
140,-84.83736376331294,-84.83736376331294,117
141,-103.32913660747452,-103.32913660747452,80
142,-98.2646148748791,-98.2646148748791,186
143,-78.71537568936711,-78.71537568936711,133
144,-42.4517460328355,-42.4517460328355,105
145,-9.624639440035935,-9.624639440035935,159
146,-252.5001412707019,-252.5001412707019,192
147,-37.3859119526812,-37.3859119526812,120
148,-107.82722214237506,-107.82722214237506,193
149,-189.05768890372786,-189.05768890372786,163
150,-44.77567836136261,-44.77567836136261,144
151,-41.64703333458547,-41.64703333458547,87
152,-78.07207050001186,-78.07207050001186,135
153,97.97037023883263,97.97037023883263,1000
154,-131.72615624855254,-131.72615624855254,161
155,-19.837005392760204,-19.837005392760204,119
156,-183.73005108156445,-183.73005108156445,149
157,-79.32179927246149,-79.32179927246149,134
158,-40.640241396538414,-40.640241396538414,171
159,-23.19445615617505,-23.19445615617505,172
160,-78.39265890524132,-78.39265890524132,980
161,-77.11163020098641,-77.11163020098641,214
162,-29.129459588348922,-29.129459588348922,148
163,-181.25661194283572,-181.25661194283572,146
164,2.972386605717631,2.972386605717631,174
165,-31.239625948661157,-31.239625948661157,191
166,-60.658975161633876,-60.658975161633876,274
167,-104.37991414873817,-104.37991414873817,195
168,-63.043906664723806,-63.043906664723806,163
169,28.95588125842562,28.95588125842562,161
170,-52.29681081985005,-52.29681081985005,129
171,-117.09666732628261,-117.09666732628261,260
172,-45.2006894270978,-45.2006894270978,153
173,-5.4462912526078355,-5.4462912526078355,186
174,-22.489573396599724,-22.489573396599724,270
175,-244.87250959081248,-244.87250959081248,203
176,-165.3207565026804,-165.3207565026804,239
177,-258.83764141236634,-258.83764141236634,360
178,-120.68667900980589,-120.68667900980589,292
179,-105.32575875805604,-105.32575875805604,234
180,-56.1800329579482,-56.1800329579482,1000
181,-85.74981579204783,-85.74981579204783,184
182,-55.21931585318569,-55.21931585318569,189
183,11.46564900243061,11.46564900243061,203
184,-212.3231451889393,-212.3231451889393,183
185,-41.02565629938209,-41.02565629938209,194
186,4.126954900364648,4.126954900364648,1000
187,-113.04735987232388,-113.04735987232388,233
188,-68.84765516316267,-68.84765516316267,160
189,-19.712680483272663,-19.712680483272663,205
190,-89.78417532757503,-89.78417532757503,221
191,-192.51134260861105,-192.51134260861105,193
192,-73.89890319484957,-73.89890319484957,363
193,-107.58577992746156,-107.58577992746156,437
194,-68.4593722385977,-68.4593722385977,289
195,-195.3500281031108,-195.3500281031108,341
196,14.717872869375583,14.717872869375583,204
197,-29.21214183336774,-29.21214183336774,170
198,27.60510593069553,27.60510593069553,1000
199,-192.51321870190912,-192.51321870190912,222
200,14.013092045947069,14.013092045947069,1000
201,-140.3313862592049,-140.3313862592049,151
202,-35.64156324086861,-35.64156324086861,171
203,-181.14519203019896,-181.14519203019896,179
204,-317.3066025610242,-317.3066025610242,344
205,-52.61234894840703,-52.61234894840703,147
206,-39.0282535625708,-39.0282535625708,216
207,-33.592788293388494,-33.592788293388494,240
208,-406.07612467289266,-406.07612467289266,572
209,-13.562328535489229,-13.562328535489229,419
210,-94.11579997959524,-94.11579997959524,375
211,-98.4407454625331,-98.4407454625331,304
212,-2.8117026737648416,-2.8117026737648416,170
213,-61.013480833076045,-61.013480833076045,318
214,-85.10560050225278,-85.10560050225278,211
215,-27.375213447224198,-27.375213447224198,207
216,-206.64978197863132,-206.64978197863132,298
217,-4.70554846894177,-4.70554846894177,1000
218,-289.9891640230485,-289.9891640230485,665
219,-99.96315825028434,-99.96315825028434,392
220,-241.00083380144451,-241.00083380144451,303
221,-22.57694222566049,-22.57694222566049,145
222,-609.3082381184834,-609.3082381184834,317
223,-406.9883200544766,-406.9883200544766,294
224,-110.57951598409345,-110.57951598409345,329
225,-171.78867631984818,-171.78867631984818,176
226,-38.738828455288015,-38.738828455288015,244
227,-251.8451162727223,-251.8451162727223,449
228,-161.66420481016613,-161.66420481016613,237
229,-65.17504691971078,-65.17504691971078,184
230,-242.94914470478244,-242.94914470478244,686
231,-87.39382711235695,-87.39382711235695,291
232,-112.67426507381218,-112.67426507381218,1000
233,-36.163553469936986,-36.163553469936986,159
234,-52.32675369769443,-52.32675369769443,287
235,-85.23079735153665,-85.23079735153665,155
236,-174.42150258922481,-174.42150258922481,266
237,19.61117654916626,19.61117654916626,99
238,-53.46356855294336,-53.46356855294336,224
239,-80.70600186529073,-80.70600186529073,287
240,-19.853663534082877,-19.853663534082877,1000
241,27.539394640621566,27.539394640621566,134
242,-33.69514000622209,-33.69514000622209,1000
243,-37.311791272479894,-37.311791272479894,252
244,27.524002263285794,27.524002263285794,183
245,54.40402342634049,54.40402342634049,1000
246,19.697806732717055,19.697806732717055,203
247,-7.881771370418319,-7.881771370418319,1000
248,12.350536886414844,12.350536886414844,268
249,-55.457593566517815,-55.457593566517815,323
250,-21.57785268544029,-21.57785268544029,149
251,40.99479977121064,40.99479977121064,152
252,-68.71959586832887,-68.71959586832887,314
253,2.436190708072072,2.436190708072072,1000
254,-11.897056163829845,-11.897056163829845,279
255,-43.1277610362083,-43.1277610362083,1000
256,-114.48703750089727,-114.48703750089727,473
257,-281.6793047311112,-281.6793047311112,309
258,-156.60798908948505,-156.60798908948505,400
259,-19.52203922317227,-19.52203922317227,155
260,-29.06214729338501,-29.06214729338501,184
261,42.777290496506794,42.777290496506794,1000
262,-53.72340243763828,-53.72340243763828,1000
263,-101.73404539001967,-101.73404539001967,1000
264,-79.9783469499229,-79.9783469499229,298
265,-48.091419251390846,-48.091419251390846,189
266,-26.440022030377815,-26.440022030377815,1000
267,-25.981604122269914,-25.981604122269914,378
268,-157.55796994930205,-157.55796994930205,429
269,37.15744858533159,37.15744858533159,1000
270,8.067394774137911,8.067394774137911,1000
271,-29.691175953599554,-29.691175953599554,356
272,72.42076575333691,72.42076575333691,1000
273,-12.954334211691986,-12.954334211691986,1000
274,23.119395720613,23.119395720613,237
275,80.42119240773525,80.42119240773525,1000
276,59.56492170172815,59.56492170172815,1000
277,-26.64527601133628,-26.64527601133628,222
278,29.128874697282242,29.128874697282242,174
279,-84.86272726040397,-84.86272726040397,225
280,-60.08519634510465,-60.08519634510465,201
281,42.59551583175635,42.59551583175635,1000
282,10.563902860310094,10.563902860310094,1000
283,-5.323335394098535,-5.323335394098535,209
284,44.771687939522934,44.771687939522934,199
285,-57.83147960202903,-57.83147960202903,301
286,-263.34595816306273,-263.34595816306273,397
287,-28.023691475835818,-28.023691475835818,305
288,-97.72763953642304,-97.72763953642304,316
289,-36.4618117677126,-36.4618117677126,154
290,-54.738356803437,-54.738356803437,230
291,-10.618332422563782,-10.618332422563782,158
292,-0.5098471139322953,-0.5098471139322953,117
293,36.18159421056757,36.18159421056757,229
294,24.83052849648309,24.83052849648309,1000
295,-1.2124846791878656,-1.2124846791878656,1000
296,-11.879097488179013,-11.879097488179013,187
297,-26.702875036267855,-26.702875036267855,248
298,-0.9220381248298253,-0.9220381248298253,210
299,-22.100023225741705,-22.100023225741705,1000
300,-56.838562823343125,-56.838562823343125,510
301,-110.84860542604034,-110.84860542604034,571
302,107.7432351373159,107.7432351373159,1000
303,-213.02062553108055,-213.02062553108055,554
304,3.393763825084898,3.393763825084898,1000
305,28.60025173483345,28.60025173483345,158
306,88.83029261020123,88.83029261020123,1000
307,50.54315233868661,50.54315233868661,164
308,-47.93793740796147,-47.93793740796147,206
309,-33.69002852517545,-33.69002852517545,1000
310,-87.0087084210339,-87.0087084210339,397
311,17.268631784809855,17.268631784809855,316
312,-210.02230943599722,-210.02230943599722,237
313,-99.6580558870857,-99.6580558870857,1000
314,36.30064094701298,36.30064094701298,1000
315,-309.9995315769114,-309.9995315769114,733
316,9.668560021057589,9.668560021057589,1000
317,78.49512017610635,78.49512017610635,1000
318,-9.890438970731996,-9.890438970731996,1000
319,100.73778876630112,100.73778876630112,1000
320,-25.58307916773579,-25.58307916773579,395
321,20.888445728914867,20.888445728914867,1000
322,49.30361897015828,49.30361897015828,1000
323,-36.482800655837465,-36.482800655837465,316
324,177.1188080304845,177.1188080304845,660
325,-81.00147820244477,-81.00147820244477,277
326,82.51575966214381,82.51575966214381,1000
327,24.065260858600254,24.065260858600254,230
328,35.54802107036892,35.54802107036892,257
329,27.245081284824707,27.245081284824707,222
330,22.392291331751977,22.392291331751977,1000
331,-37.90847064496461,-37.90847064496461,234
332,-53.16424983205663,-53.16424983205663,360
333,-43.99889208383246,-43.99889208383246,205
334,80.86464129955299,80.86464129955299,1000
335,99.6893896341902,99.6893896341902,1000
336,58.14082307816971,58.14082307816971,1000
337,108.94395654321733,108.94395654321733,1000
338,60.04031984586591,60.04031984586591,1000
339,-42.760658535496745,-42.760658535496745,366
340,-5.76596487759798,-5.76596487759798,270
341,67.07605757300814,67.07605757300814,1000
342,83.74365042923604,83.74365042923604,1000
343,17.17662737584388,17.17662737584388,1000
344,69.02673003133576,69.02673003133576,1000
345,-14.432774076311276,-14.432774076311276,334
346,94.4285906193043,94.4285906193043,1000
347,53.07295538445713,53.07295538445713,1000
348,94.99610219735422,94.99610219735422,896
349,19.29756332214898,19.29756332214898,1000
350,158.5529172379981,158.5529172379981,470
351,168.06590201108196,168.06590201108196,449
352,-105.97049695199544,-105.97049695199544,311
353,-192.7820120201335,-192.7820120201335,656
354,189.57253866756758,189.57253866756758,557
355,-22.583099269322418,-22.583099269322418,213
356,-14.833151057116204,-14.833151057116204,1000
357,-33.7037074076284,-33.7037074076284,1000
358,-57.54122270026218,-57.54122270026218,1000
359,63.56055320880981,63.56055320880981,1000
360,-115.89331985682816,-115.89331985682816,653
361,-102.12303413104868,-102.12303413104868,884
362,-334.0245372414706,-334.0245372414706,728
363,7.582485156399501,7.582485156399501,1000
364,-152.95502929534507,-152.95502929534507,1000
365,-70.64027301210051,-70.64027301210051,1000
366,8.430410887987248,8.430410887987248,1000
367,-55.30795091884234,-55.30795091884234,1000
368,20.04242063251528,20.04242063251528,1000
369,33.45584045108531,33.45584045108531,1000
370,251.37269539285828,251.37269539285828,432
371,232.42008995535517,232.42008995535517,751
372,-19.602734192495532,-19.602734192495532,446
373,108.52747902002092,108.52747902002092,925
374,146.21830992727453,146.21830992727453,744
375,-68.07197475111724,-68.07197475111724,1000
376,238.01110434180669,238.01110434180669,610
377,-97.76408392798093,-97.76408392798093,1000
378,-104.5637972920949,-104.5637972920949,1000
379,62.868686392960605,62.868686392960605,1000
380,210.33066496194778,210.33066496194778,701
381,24.79989164855489,24.79989164855489,1000
382,-57.23895801570271,-57.23895801570271,556
383,30.176889710116665,30.176889710116665,1000
384,-121.43474530670055,-121.43474530670055,564
385,10.661962151104937,10.661962151104937,1000
386,196.02807181767338,196.02807181767338,617
387,96.23637537472081,96.23637537472081,1000
388,-53.63969662233711,-53.63969662233711,419
389,-89.87529979740796,-89.87529979740796,371
390,124.36470910147503,124.36470910147503,1000
391,-108.16191033567898,-108.16191033567898,1000
392,-69.23978026304398,-69.23978026304398,1000
393,-1.1201037015977184,-1.1201037015977184,1000
394,-6.401231499159662,-6.401231499159662,1000
395,-91.59730413574144,-91.59730413574144,745
396,-37.69102301876954,-37.69102301876954,1000
397,23.684752573449902,23.684752573449902,1000
398,23.09157276305641,23.09157276305641,1000
399,-43.37102779968828,-43.37102779968828,1000
400,-34.82635811732186,-34.82635811732186,1000
401,11.778881182356159,11.778881182356159,1000
402,-97.54188206020173,-97.54188206020173,794
403,29.439661725965223,29.439661725965223,1000
404,36.565273273341056,36.565273273341056,1000
405,110.1046493139083,110.1046493139083,761
406,89.30619396570296,89.30619396570296,943
407,11.524751879555529,11.524751879555529,1000
408,-21.693169556131508,-21.693169556131508,1000
409,-47.29429084348888,-47.29429084348888,1000
410,26.93535315845289,26.93535315845289,1000
411,-16.024265584533076,-16.024265584533076,1000
412,-144.6412605260421,-144.6412605260421,1000
413,-34.29009465603593,-34.29009465603593,719
414,-89.80916414782156,-89.80916414782156,1000
415,-72.14742873857035,-72.14742873857035,1000
416,31.788295628537973,31.788295628537973,1000
417,96.28363984358622,96.28363984358622,1000
418,-66.87083105826916,-66.87083105826916,1000
419,-33.04149231973456,-33.04149231973456,1000
420,-38.07988420725056,-38.07988420725056,1000
421,-56.4540966623796,-56.4540966623796,741
422,-50.552540301538265,-50.552540301538265,1000
423,-35.054557196247146,-35.054557196247146,1000
424,-19.604374310429293,-19.604374310429293,1000
425,-72.88675108111408,-72.88675108111408,1000
426,-35.55499228029294,-35.55499228029294,1000
427,-76.03488209719065,-76.03488209719065,1000
428,-13.793006631366968,-13.793006631366968,1000
429,-78.5602505088018,-78.5602505088018,1000
430,102.2158413269908,102.2158413269908,1000
431,18.140859096904453,18.140859096904453,1000
432,-36.048794706482,-36.048794706482,1000
433,-2.857920653158466,-2.857920653158466,1000
434,15.897977021436336,15.897977021436336,1000
435,67.30643403021647,67.30643403021647,1000
436,-21.82415380414665,-21.82415380414665,1000
437,-33.06709349056088,-33.06709349056088,1000
438,-83.24821607516797,-83.24821607516797,1000
439,-64.05125688576372,-64.05125688576372,1000
440,-28.994457593011113,-28.994457593011113,1000
441,-9.653099332347875,-9.653099332347875,1000
442,-93.70898163134483,-93.70898163134483,1000
443,-65.82489140738699,-65.82489140738699,1000
444,4.83596537050585,4.83596537050585,1000
445,-42.91875304327659,-42.91875304327659,1000
446,-96.85161998728132,-96.85161998728132,803
447,-36.473580809397326,-36.473580809397326,1000
448,-206.9366185387737,-206.9366185387737,922
449,-59.691980069816225,-59.691980069816225,1000
450,-26.8374953568159,-26.8374953568159,1000
451,-106.57221800688782,-106.57221800688782,1000
452,-96.95572846100009,-96.95572846100009,1000
453,-160.10970135675058,-160.10970135675058,1000
454,-60.31612974184074,-60.31612974184074,1000
455,-49.48651942641674,-49.48651942641674,1000
456,-55.22779032871078,-55.22779032871078,1000
457,-72.60926842339305,-72.60926842339305,1000
458,-64.40858781905983,-64.40858781905983,1000
459,-41.485255511145155,-41.485255511145155,1000
460,-64.51780703658146,-64.51780703658146,1000
461,-12.008247994094955,-12.008247994094955,1000
462,-91.09615374902523,-91.09615374902523,1000
463,-16.51917901336436,-16.51917901336436,1000
464,-35.04105968281784,-35.04105968281784,1000
465,-78.07517922643251,-78.07517922643251,552
466,-7.7138213188206715,-7.7138213188206715,1000
467,-39.8073981768663,-39.8073981768663,1000
468,-131.8269867810216,-131.8269867810216,1000
469,-26.945481701770092,-26.945481701770092,1000
470,53.136307027267826,53.136307027267826,1000
471,-76.32308710186669,-76.32308710186669,1000
472,-43.765936365986825,-43.765936365986825,1000
473,-66.86370087625319,-66.86370087625319,1000
474,-9.875114138871867,-9.875114138871867,1000
475,-57.72050249166281,-57.72050249166281,1000
476,34.086116232768994,34.086116232768994,1000
477,21.733505379573927,21.733505379573927,1000
478,29.832394600858223,29.832394600858223,1000
479,40.70743161673322,40.70743161673322,1000
480,45.54742081928981,45.54742081928981,1000
481,-22.52205098470966,-22.52205098470966,1000
482,-65.02660809284136,-65.02660809284136,1000
483,-67.87495544347102,-67.87495544347102,1000
484,-48.36096120747266,-48.36096120747266,1000
485,-77.27291196055486,-77.27291196055486,1000
486,-6.2803040513781605,-6.2803040513781605,1000
487,-37.383206819221904,-37.383206819221904,1000
488,-73.36653490216345,-73.36653490216345,1000
489,-33.083891594179214,-33.083891594179214,1000
490,34.57390064571983,34.57390064571983,1000
491,-25.880870151289617,-25.880870151289617,1000
492,-122.82140048695247,-122.82140048695247,857
493,117.21984313674213,117.21984313674213,1000
494,-58.19619285991696,-58.19619285991696,1000
495,-16.06445104890164,-16.06445104890164,1000
496,40.05261903096363,40.05261903096363,1000
497,-32.63310087126552,-32.63310087126552,1000
498,-37.20331596836348,-37.20331596836348,1000
499,-74.10895750583049,-74.10895750583049,1000
500,-70.3238680580063,-70.3238680580063,1000
501,26.583019568499598,26.583019568499598,1000
502,-5.906952207727655,-5.906952207727655,1000
503,-109.08120918323425,-109.08120918323425,831
504,-28.231637061324502,-28.231637061324502,1000
505,-34.77186032027262,-34.77186032027262,1000
506,-24.946016840238443,-24.946016840238443,1000
507,-18.6771382647081,-18.6771382647081,1000
508,68.57205673820178,68.57205673820178,1000
509,-0.1813872736969504,-0.1813872736969504,1000
510,-1.7116052359503935,-1.7116052359503935,1000
511,-11.299423570243293,-11.299423570243293,1000
512,-39.95378303454144,-39.95378303454144,1000
513,-43.1120228548524,-43.1120228548524,1000
514,-70.94836287988659,-70.94836287988659,1000
515,-35.50446540307119,-35.50446540307119,1000
516,-85.09152573616618,-85.09152573616618,1000
517,-120.08624619998118,-120.08624619998118,1000
518,-61.6105968651349,-61.6105968651349,1000
519,-150.93006715450764,-150.93006715450764,1000
520,-92.84629693441664,-92.84629693441664,1000
521,-50.87286620591228,-50.87286620591228,1000
522,-67.13871164633963,-67.13871164633963,1000
523,-60.572809079814206,-60.572809079814206,1000
524,-22.738486801691707,-22.738486801691707,1000
525,-46.93452415023453,-46.93452415023453,1000
526,-152.80368026408766,-152.80368026408766,894
527,-88.72372500419966,-88.72372500419966,1000
528,-74.42089096181421,-74.42089096181421,1000
529,-84.64524543005531,-84.64524543005531,1000
530,-99.625406057315,-99.625406057315,1000
531,-93.47404029670389,-93.47404029670389,1000
532,-76.186706972288,-76.186706972288,1000
533,-41.04781238107856,-41.04781238107856,1000
534,-23.424198231510704,-23.424198231510704,1000
535,-53.3251271957702,-53.3251271957702,1000
536,-69.72701830044677,-69.72701830044677,1000
537,-49.28380068530967,-49.28380068530967,1000
538,-89.8113438643965,-89.8113438643965,1000
539,-46.454932347337206,-46.454932347337206,1000
540,-14.852599014829627,-14.852599014829627,1000
541,-28.92873675424416,-28.92873675424416,1000
542,-25.869966767984607,-25.869966767984607,1000
543,-45.59726733581424,-45.59726733581424,1000
544,-78.41722730250245,-78.41722730250245,1000
545,-114.96373654604425,-114.96373654604425,1000
546,-35.482848183098085,-35.482848183098085,1000
547,26.65003313835062,26.65003313835062,1000
548,-7.0073220669753695,-7.0073220669753695,1000
549,137.1909451002506,137.1909451002506,778
550,-82.78673753280155,-82.78673753280155,1000
551,-83.10879354452456,-83.10879354452456,1000
552,-76.11920096694284,-76.11920096694284,1000
553,-91.13916818651613,-91.13916818651613,1000
554,-182.05753530466805,-182.05753530466805,1000
555,-33.304598576328175,-33.304598576328175,1000
556,-22.051093001869194,-22.051093001869194,1000
557,-35.05832148689922,-35.05832148689922,1000
558,-29.38174476821078,-29.38174476821078,1000
559,-57.26150592361431,-57.26150592361431,1000
560,-80.48387748240944,-80.48387748240944,1000
561,-68.22574134971569,-68.22574134971569,1000
562,-25.824995424414528,-25.824995424414528,1000
563,-107.60330093545963,-107.60330093545963,1000
564,-82.13575089151816,-82.13575089151816,1000
565,-31.617857186551262,-31.617857186551262,1000
566,29.04780052210694,29.04780052210694,1000
567,105.1063887781619,105.1063887781619,983
568,-35.03001545630702,-35.03001545630702,1000
569,-81.78430026193776,-81.78430026193776,1000
570,-79.16624993283115,-79.16624993283115,1000
571,-72.87694619803231,-72.87694619803231,1000
572,-67.73387373527497,-67.73387373527497,1000
573,-23.632409342685435,-23.632409342685435,1000
574,-64.59191708745183,-64.59191708745183,1000
575,-66.71126304003607,-66.71126304003607,1000
576,-27.625198125424962,-27.625198125424962,1000
577,-89.35951584778128,-89.35951584778128,1000
578,48.47049581578478,48.47049581578478,1000
579,-52.40800719870232,-52.40800719870232,1000
580,-84.95224840948643,-84.95224840948643,1000
581,-147.66267877949863,-147.66267877949863,1000
582,-100.0729720710899,-100.0729720710899,1000
583,2.9381066304947403,2.9381066304947403,1000
584,17.588187363734885,17.588187363734885,1000
585,-9.893154855319837,-9.893154855319837,1000
586,-42.751697353577484,-42.751697353577484,1000
587,-60.849115283489496,-60.849115283489496,1000
588,-58.89756853780847,-58.89756853780847,1000
589,-8.907601607474492,-8.907601607474492,1000
590,-47.790446074750584,-47.790446074750584,1000
591,-48.34389013111382,-48.34389013111382,1000
592,-83.1531251993978,-83.1531251993978,1000
593,-96.50461394184224,-96.50461394184224,1000
594,-43.61304324484564,-43.61304324484564,1000
595,-26.58971019923268,-26.58971019923268,1000
596,-71.78434967257431,-71.78434967257431,1000
597,-69.38342118185997,-69.38342118185997,1000
598,-66.36466250633234,-66.36466250633234,1000
599,-26.030376779291892,-26.030376779291892,1000
600,-32.28332690335674,-32.28332690335674,1000
601,-35.488107862187114,-35.488107862187114,1000
602,-58.27000897713194,-58.27000897713194,1000
603,-58.87483890586201,-58.87483890586201,1000
604,-32.35691320142379,-32.35691320142379,1000
605,-37.30778891451839,-37.30778891451839,1000
606,-51.87475528171201,-51.87475528171201,1000
607,44.802890866943685,44.802890866943685,1000
608,-95.2019654759269,-95.2019654759269,1000
609,-83.54413602551838,-83.54413602551838,1000
610,-89.18248362373431,-89.18248362373431,1000
611,-110.98823294664078,-110.98823294664078,1000
612,-31.75518650487904,-31.75518650487904,1000
613,-55.103910797934894,-55.103910797934894,1000
614,-94.91211607564033,-94.91211607564033,1000
615,-12.931644849229299,-12.931644849229299,1000
616,-29.89082071460627,-29.89082071460627,1000
617,51.60944415041954,51.60944415041954,1000
618,-21.92295140648607,-21.92295140648607,1000
619,-57.97030763470307,-57.97030763470307,1000
620,-72.48052397564538,-72.48052397564538,1000
621,-48.450956143267,-48.450956143267,1000
622,-7.1471565441638205,-7.1471565441638205,1000
623,9.582845870516003,9.582845870516003,1000
624,-36.62347120420662,-36.62347120420662,1000
625,-75.44363901756213,-75.44363901756213,1000
626,-104.41474045245877,-104.41474045245877,1000
627,-13.423968055017848,-13.423968055017848,1000
628,-78.33296030113654,-78.33296030113654,1000
629,-83.31859194925714,-83.31859194925714,1000
630,-64.43225609882828,-64.43225609882828,1000
631,-88.72730272900591,-88.72730272900591,1000
632,-92.11756967082857,-92.11756967082857,1000
633,-43.10272024335798,-43.10272024335798,1000
634,-79.64356869597576,-79.64356869597576,1000
635,-100.97370292816314,-100.97370292816314,1000
636,-81.73762031220585,-81.73762031220585,1000
637,-67.74432184666998,-67.74432184666998,1000
638,-52.28749958728156,-52.28749958728156,1000
639,-29.600867601788686,-29.600867601788686,1000
640,-79.69190880648198,-79.69190880648198,1000
641,-142.6733353614741,-142.6733353614741,1000
642,-82.13688113645722,-82.13688113645722,1000
643,-74.33093274313401,-74.33093274313401,1000
644,-16.45955731187595,-16.45955731187595,1000
645,-95.52909585372016,-95.52909585372016,1000
646,-119.30317307776369,-119.30317307776369,1000
647,-128.00299090823248,-128.00299090823248,1000
648,-77.21347252201066,-77.21347252201066,1000
649,-31.28115922826273,-31.28115922826273,1000
650,-42.270389258016706,-42.270389258016706,1000
651,-53.92865165078592,-53.92865165078592,1000
652,-55.21593142778613,-55.21593142778613,1000
653,-35.21081457505959,-35.21081457505959,1000
654,-39.182498237028476,-39.182498237028476,1000
655,-33.63220044462512,-33.63220044462512,1000
656,-28.887527066498585,-28.887527066498585,1000
657,-7.629086613577468,-7.629086613577468,1000
658,-26.745097181310474,-26.745097181310474,1000
659,-77.81387700984949,-77.81387700984949,1000
660,-47.306967175917634,-47.306967175917634,1000
661,-24.840473191381225,-24.840473191381225,1000
662,-120.26387003482265,-120.26387003482265,1000
663,-71.50486157006081,-71.50486157006081,1000
664,-56.01141056824287,-56.01141056824287,1000
665,-35.046917142804396,-35.046917142804396,1000
666,-12.348798950918649,-12.348798950918649,1000
667,-68.2354759926027,-68.2354759926027,1000
668,-28.79902576775857,-28.79902576775857,1000
669,-126.49264454716061,-126.49264454716061,1000
670,-94.17160984815285,-94.17160984815285,1000
671,-73.55107060593762,-73.55107060593762,1000
672,-135.48402004040503,-135.48402004040503,1000
673,-135.96806496839605,-135.96806496839605,1000
674,-68.72694320877602,-68.72694320877602,1000
675,-53.32007455368708,-53.32007455368708,1000
676,-73.73314186539804,-73.73314186539804,1000
677,-133.07299674746076,-133.07299674746076,1000
678,-88.72211744445666,-88.72211744445666,1000
679,-60.81581571796441,-60.81581571796441,1000
680,-104.15720562652803,-104.15720562652803,1000
681,-78.74712057975476,-78.74712057975476,1000
682,-77.85540232368464,-77.85540232368464,1000
683,-50.83517751479355,-50.83517751479355,1000
684,-45.7832981409195,-45.7832981409195,1000
685,-4.613248814574751,-4.613248814574751,1000
686,-14.39210868812033,-14.39210868812033,1000
687,-25.803910320010075,-25.803910320010075,1000
688,-21.59548412712854,-21.59548412712854,1000
689,-27.782985045647045,-27.782985045647045,1000
690,-72.41761141616189,-72.41761141616189,1000
691,-13.136333899315593,-13.136333899315593,1000
692,-60.454591350010816,-60.454591350010816,1000
693,-120.71300279524534,-120.71300279524534,1000
694,-86.47855351832898,-86.47855351832898,1000
695,-61.730209554908406,-61.730209554908406,1000
696,-61.11783133343441,-61.11783133343441,1000
697,-37.543359650282056,-37.543359650282056,1000
698,-0.8479984977325061,-0.8479984977325061,1000
699,-23.288426014767158,-23.288426014767158,1000
700,-85.02449463176308,-85.02449463176308,1000
701,-53.90011272865549,-53.90011272865549,1000
702,-92.55981643929383,-92.55981643929383,1000
703,-72.59215685168932,-72.59215685168932,1000
704,-119.33711589637137,-119.33711589637137,1000
705,-108.6453997124952,-108.6453997124952,1000
706,-66.61850606378788,-66.61850606378788,1000
707,-49.93510833693923,-49.93510833693923,1000
708,-59.22277327580894,-59.22277327580894,1000
709,-96.31866580445485,-96.31866580445485,1000
710,-91.04299905498777,-91.04299905498777,1000
711,-83.46991507915263,-83.46991507915263,1000
712,-79.09321498999503,-79.09321498999503,1000
713,-55.02174673724873,-55.02174673724873,1000
714,-57.02733863987395,-57.02733863987395,1000
715,-98.77033098067437,-98.77033098067437,1000
716,-82.98503313008025,-82.98503313008025,1000
717,-46.67341391572681,-46.67341391572681,1000
718,-138.0735310602244,-138.0735310602244,1000
719,-54.06082951933435,-54.06082951933435,1000
720,-52.64643761413184,-52.64643761413184,1000
721,-59.97625038456225,-59.97625038456225,1000
722,-108.58825370331887,-108.58825370331887,1000
723,-83.2802142787227,-83.2802142787227,1000
724,-40.78028345877688,-40.78028345877688,1000
725,-18.4915874585015,-18.4915874585015,1000
726,-28.47128635438158,-28.47128635438158,1000
727,-22.757355513277545,-22.757355513277545,1000
728,-28.869227534686427,-28.869227534686427,1000
729,-19.539465959300117,-19.539465959300117,1000
730,-112.67908327076779,-112.67908327076779,1000
731,-37.958918539959875,-37.958918539959875,1000
732,-37.05302750857324,-37.05302750857324,1000
733,-93.36913520524918,-93.36913520524918,1000
734,-92.02140995935376,-92.02140995935376,1000
735,-79.62971994712832,-79.62971994712832,1000
736,-76.27589867481781,-76.27589867481781,1000
737,-112.82681052225095,-112.82681052225095,1000
738,-133.84094094153488,-133.84094094153488,1000
739,-54.43191218659146,-54.43191218659146,1000
740,-84.4324177556124,-84.4324177556124,1000
741,-78.30799198998126,-78.30799198998126,1000
742,-77.65983106723154,-77.65983106723154,1000
743,-106.4425320050718,-106.4425320050718,1000
744,-102.53226246133337,-102.53226246133337,1000
745,-55.22055003637734,-55.22055003637734,1000
746,-72.35282178154745,-72.35282178154745,1000
747,-86.9012810643513,-86.9012810643513,1000
748,-82.6269833697477,-82.6269833697477,1000
749,-94.52100208583148,-94.52100208583148,1000
750,-129.203724359381,-129.203724359381,1000
751,-121.27325727357609,-121.27325727357609,1000
752,-97.372533966451,-97.372533966451,1000
753,-81.78397167113481,-81.78397167113481,1000
754,-84.37179310033457,-84.37179310033457,1000
755,-41.30446294037186,-41.30446294037186,1000
756,-64.3673161657765,-64.3673161657765,1000
757,-41.990953020841225,-41.990953020841225,1000
758,-108.43991011666864,-108.43991011666864,1000
759,-110.09489550493508,-110.09489550493508,1000
760,-115.19898510625023,-115.19898510625023,1000
761,-132.6212674550722,-132.6212674550722,1000
762,-91.90409746101098,-91.90409746101098,1000
763,-70.30923799483158,-70.30923799483158,1000
764,-48.782485418121674,-48.782485418121674,1000
765,-94.6178001225894,-94.6178001225894,1000
766,-104.33076747019204,-104.33076747019204,1000
767,-74.14542911918453,-74.14542911918453,1000
768,-68.2290095345721,-68.2290095345721,1000
769,-74.86726272797303,-74.86726272797303,1000
770,-80.78760742309605,-80.78760742309605,1000
771,-124.28259887532289,-124.28259887532289,1000
772,-106.8392978300447,-106.8392978300447,1000
773,-73.5555115886589,-73.5555115886589,1000
774,-128.50838185387877,-128.50838185387877,1000
775,-57.569575812486,-57.569575812486,1000
776,-54.8846095971988,-54.8846095971988,1000
777,-73.91208072731088,-73.91208072731088,1000
778,-36.45917861762758,-36.45917861762758,1000
779,-131.0897355237352,-131.0897355237352,1000
780,-107.84888966215162,-107.84888966215162,1000
781,-91.5405635929377,-91.5405635929377,1000
782,-138.62833615451856,-138.62833615451856,1000
783,-68.5283208834313,-68.5283208834313,156
784,-137.09625443496188,-137.09625443496188,1000
785,-135.27270659930497,-135.27270659930497,1000
786,-145.862436346475,-145.862436346475,1000
787,-149.88232095370782,-149.88232095370782,1000
788,-128.3253900869587,-128.3253900869587,1000
789,-86.28661331298814,-86.28661331298814,1000
790,-64.13788909384137,-64.13788909384137,1000
791,-186.7009404371707,-186.7009404371707,1000
792,-85.33447942761204,-85.33447942761204,1000
793,-24.21519917150622,-24.21519917150622,1000
794,-131.5919526229312,-131.5919526229312,1000
795,-145.41881403202348,-145.41881403202348,1000
796,-96.28934679763277,-96.28934679763277,1000
797,-134.82947864520955,-134.82947864520955,1000
798,-127.87104964361247,-127.87104964361247,1000
799,-105.41999884165855,-105.41999884165855,1000
800,-74.14058336396822,-74.14058336396822,1000
801,-53.102249400412475,-53.102249400412475,1000
802,-76.29825683206518,-76.29825683206518,1000
803,-90.94884130440423,-90.94884130440423,1000
804,-71.94658847259524,-71.94658847259524,1000
805,-67.45186196497977,-67.45186196497977,1000
806,-103.58826474960325,-103.58826474960325,1000
807,-99.69360660008329,-99.69360660008329,1000
808,-125.4219043581053,-125.4219043581053,1000
809,-60.8231355314766,-60.8231355314766,1000
810,-161.2728253825777,-161.2728253825777,693
811,-114.24766286585697,-114.24766286585697,1000
812,-81.44719477762239,-81.44719477762239,1000
813,-58.717702174555406,-58.717702174555406,1000
814,-58.7060376474747,-58.7060376474747,1000
815,-47.740513674627884,-47.740513674627884,1000
816,-67.71748560859821,-67.71748560859821,1000
817,-87.6244565301676,-87.6244565301676,1000
818,-71.33844624234561,-71.33844624234561,1000
819,-68.74428831793476,-68.74428831793476,1000
820,-53.80648609884482,-53.80648609884482,1000
821,-78.51639193177675,-78.51639193177675,1000
822,-71.63922350947553,-71.63922350947553,1000
823,-110.02718066721376,-110.02718066721376,1000
824,-96.2404325277518,-96.2404325277518,1000
825,-64.80598188892446,-64.80598188892446,1000
826,-62.0110871894543,-62.0110871894543,1000
827,-161.5436365935516,-161.5436365935516,578
828,-199.5798110550317,-199.5798110550317,878
829,-160.73824611414295,-160.73824611414295,705
830,-93.50212582769042,-93.50212582769042,1000
831,-106.56766934853104,-106.56766934853104,1000
832,-75.57499265730743,-75.57499265730743,1000
833,-83.89919658370124,-83.89919658370124,1000
834,-99.58219654944314,-99.58219654944314,1000
835,-77.10693256402209,-77.10693256402209,1000
836,-111.72410293990588,-111.72410293990588,1000
837,-72.09090087489231,-72.09090087489231,1000
838,-106.75526504826087,-106.75526504826087,1000
839,-40.703827705730205,-40.703827705730205,1000
840,-144.47425721778043,-144.47425721778043,1000
841,-61.473734514348706,-61.473734514348706,1000
842,-76.90242637637635,-76.90242637637635,1000
843,-43.977209707206136,-43.977209707206136,1000
844,-96.19083239523509,-96.19083239523509,1000
845,-95.05005631499242,-95.05005631499242,1000
846,-65.1738716703242,-65.1738716703242,1000
847,-131.66544579399658,-131.66544579399658,1000
848,-63.14985709036132,-63.14985709036132,1000
849,-54.78506265568144,-54.78506265568144,1000
850,-49.635567557125235,-49.635567557125235,1000
851,-73.25952287628922,-73.25952287628922,1000
852,-118.82197097268003,-118.82197097268003,1000
853,-34.56418634686832,-34.56418634686832,1000
854,-28.54905562623941,-28.54905562623941,1000
855,-108.54608897501289,-108.54608897501289,1000
856,-86.51177245992668,-86.51177245992668,1000
857,-58.55214761871507,-58.55214761871507,1000
858,-95.6241809880476,-95.6241809880476,1000
859,-70.89782749930302,-70.89782749930302,1000
860,-60.97637308635589,-60.97637308635589,1000
861,-70.21691824865405,-70.21691824865405,1000
862,-81.03803105800559,-81.03803105800559,1000
863,-65.58352646036552,-65.58352646036552,1000
864,-65.21429535761229,-65.21429535761229,1000
865,-71.7853147459156,-71.7853147459156,1000
866,-143.41512206338044,-143.41512206338044,1000
867,-167.85800894265714,-167.85800894265714,772
868,-68.69769382602065,-68.69769382602065,1000
869,-113.43529864856906,-113.43529864856906,1000
870,-86.90485055921505,-86.90485055921505,1000
871,-70.91673305709791,-70.91673305709791,1000
872,-86.54262994964618,-86.54262994964618,1000
873,-111.44835794090798,-111.44835794090798,1000
874,-82.78968818036756,-82.78968818036756,1000
875,-93.37354148356593,-93.37354148356593,1000
876,-142.41544404365763,-142.41544404365763,1000
877,-100.23052395120105,-100.23052395120105,1000
878,-125.67737389609132,-125.67737389609132,1000
879,-110.67084727267815,-110.67084727267815,1000
880,-126.66803716695128,-126.66803716695128,1000
881,-79.71906446732409,-79.71906446732409,1000
882,-157.6399787971322,-157.6399787971322,1000
883,-199.68525331050932,-199.68525331050932,756
884,-124.43567622857438,-124.43567622857438,1000
885,-140.3289260721382,-140.3289260721382,1000
886,-94.75900136758689,-94.75900136758689,1000
887,-137.54071276742653,-137.54071276742653,1000
888,-205.16616341929486,-205.16616341929486,697
889,-82.88407494377932,-82.88407494377932,1000
890,-109.5555745538448,-109.5555745538448,1000
891,-122.33427768916334,-122.33427768916334,1000
892,-87.88147179213152,-87.88147179213152,1000
893,-102.54568305192312,-102.54568305192312,1000
894,-75.06215807763392,-75.06215807763392,1000
895,-64.8118080256954,-64.8118080256954,1000
896,-79.82341510154913,-79.82341510154913,1000
897,-154.1169485256129,-154.1169485256129,457
898,-42.97966462313404,-42.97966462313404,1000
899,-61.834361409356546,-61.834361409356546,1000
900,-32.37730216282461,-32.37730216282461,1000
901,-60.58085788264012,-60.58085788264012,1000
902,-235.2725460495528,-235.2725460495528,856
903,-40.81785907813047,-40.81785907813047,1000
904,-92.63284218132623,-92.63284218132623,1000
905,-185.4492031008135,-185.4492031008135,879
906,-59.17078765843385,-59.17078765843385,1000
907,-93.53547096112015,-93.53547096112015,1000
908,-74.06327745287226,-74.06327745287226,1000
909,-71.40906878044831,-71.40906878044831,1000
910,-109.61648191579762,-109.61648191579762,1000
911,-112.38240271538074,-112.38240271538074,446
912,-53.93189413496755,-53.93189413496755,1000
913,-77.57150354955769,-77.57150354955769,300
914,-51.35641469007984,-51.35641469007984,1000
915,-129.7721151655962,-129.7721151655962,1000
916,-72.28364732230972,-72.28364732230972,1000
917,-92.11688555803049,-92.11688555803049,1000
918,-50.703457652136905,-50.703457652136905,1000
919,-92.38399116937755,-92.38399116937755,1000
920,-75.50672672134277,-75.50672672134277,192
921,-61.024089018055314,-61.024089018055314,1000
922,-55.06549773733712,-55.06549773733712,1000
923,-104.40698330354381,-104.40698330354381,1000
924,-85.47261438776039,-85.47261438776039,1000
925,-46.31775833448433,-46.31775833448433,1000
926,-65.78584947993625,-65.78584947993625,1000
927,-90.42524861583706,-90.42524861583706,1000
928,-70.02395404563184,-70.02395404563184,1000
929,-135.54745565874614,-135.54745565874614,1000
930,-136.63495616470126,-136.63495616470126,1000
931,-93.34337331707131,-93.34337331707131,1000
932,-67.74144143340803,-67.74144143340803,1000
933,-93.66100242482683,-93.66100242482683,1000
934,-92.472868734553,-92.472868734553,194
935,-92.53825866647024,-92.53825866647024,1000
936,-97.15753322306035,-97.15753322306035,1000
937,-105.59957915486628,-105.59957915486628,1000
938,-99.22033731390454,-99.22033731390454,1000
939,-113.91642948181416,-113.91642948181416,1000
940,-97.36140571665226,-97.36140571665226,1000
941,-106.96697855730163,-106.96697855730163,1000
942,-108.16771701728132,-108.16771701728132,1000
943,-94.66688629869891,-94.66688629869891,1000
944,-85.92854736975976,-85.92854736975976,1000
945,-85.39903768336757,-85.39903768336757,1000
946,-26.761716760112776,-26.761716760112776,1000
947,-47.590500014459174,-47.590500014459174,1000
948,-110.13339375941544,-110.13339375941544,1000
949,-106.58248271239782,-106.58248271239782,1000
950,-59.559436492402455,-59.559436492402455,1000
951,-104.99588069039636,-104.99588069039636,1000
952,-94.66198914254024,-94.66198914254024,1000
953,-61.6347942825041,-61.6347942825041,1000
954,-95.56635544834836,-95.56635544834836,1000
955,-61.417396848914564,-61.417396848914564,1000
956,-96.63356999875715,-96.63356999875715,1000
957,-26.290930090908255,-26.290930090908255,1000
958,-61.39189066898041,-61.39189066898041,1000
959,-77.82860903369335,-77.82860903369335,1000
960,-62.81386162561651,-62.81386162561651,1000
961,-101.048356583086,-101.048356583086,1000
962,-68.17610166192051,-68.17610166192051,1000
963,-109.68714802718564,-109.68714802718564,1000
964,-82.14197573239649,-82.14197573239649,1000
965,-106.17526223527071,-106.17526223527071,1000
966,-76.61844838970048,-76.61844838970048,1000
967,-97.62743541894469,-97.62743541894469,1000
968,-71.3645929295909,-71.3645929295909,1000
969,-91.82172755858578,-91.82172755858578,1000
970,-89.40540351136254,-89.40540351136254,1000
971,-78.48105878437457,-78.48105878437457,1000
972,-90.43395505699397,-90.43395505699397,1000
973,-87.19131841395567,-87.19131841395567,1000
974,-106.33961804884913,-106.33961804884913,1000
975,-70.78498704698335,-70.78498704698335,1000
976,-148.3458098895296,-148.3458098895296,1000
977,-109.81440861898575,-109.81440861898575,1000
978,-112.41717139070926,-112.41717139070926,1000
979,-100.6985965144713,-100.6985965144713,1000
980,-143.41569822575866,-143.41569822575866,1000
981,-103.01164471881717,-103.01164471881717,1000
982,-93.65646294988238,-93.65646294988238,1000
983,-119.20473658271248,-119.20473658271248,1000
984,-116.16917701767255,-116.16917701767255,1000
985,-87.63504326246013,-87.63504326246013,1000
986,-45.169839372404844,-45.169839372404844,1000
987,-95.76203706219786,-95.76203706219786,1000
988,-110.5568535843613,-110.5568535843613,1000
989,-77.16617300987274,-77.16617300987274,1000
990,-64.85712871602665,-64.85712871602665,1000
991,-118.5608254718414,-118.5608254718414,1000
992,-105.86942068163867,-105.86942068163867,1000
993,-109.00664863643743,-109.00664863643743,1000
994,-57.038893803756785,-57.038893803756785,1000
995,-65.73446314874602,-65.73446314874602,1000
996,-97.23945875722154,-97.23945875722154,1000
997,-85.68308675790504,-85.68308675790504,1000
998,-74.94345987808717,-74.94345987808717,1000
999,-70.09210552297289,-70.09210552297289,1000
1000,-48.85730764133671,-48.85730764133671,1000
1001,-60.89776827463518,-60.89776827463518,1000
1002,-85.31658266024607,-85.31658266024607,1000
1003,-71.87130298406343,-71.87130298406343,1000
1004,-102.16123570342953,-102.16123570342953,1000
1005,-84.70394843503827,-84.70394843503827,1000
1006,-59.77449384333561,-59.77449384333561,1000
1007,-46.68584251504672,-46.68584251504672,1000
1008,-54.265961857449604,-54.265961857449604,1000
1009,-78.84311327806621,-78.84311327806621,1000
1010,-87.57572477906115,-87.57572477906115,1000
1011,-88.6827213291892,-88.6827213291892,1000
1012,-62.24071769665984,-62.24071769665984,1000
1013,-104.20391794593687,-104.20391794593687,264
1014,-96.7396583929413,-96.7396583929413,1000
1015,-103.99517634480858,-103.99517634480858,1000
1016,-78.94887548450549,-78.94887548450549,1000
1017,-117.07153822507351,-117.07153822507351,1000
1018,-83.77932791769467,-83.77932791769467,1000
1019,-85.49807857912704,-85.49807857912704,1000
1020,-72.39272396118564,-72.39272396118564,1000
1021,-97.17477503595619,-97.17477503595619,1000
1022,-96.36164266940291,-96.36164266940291,1000
1023,-91.27551195042142,-91.27551195042142,1000
1024,-121.1983648564808,-121.1983648564808,1000
1025,-66.73566476317023,-66.73566476317023,1000
1026,-104.66624274119096,-104.66624274119096,1000
1027,-129.27966470966402,-129.27966470966402,1000
1028,-92.67100151178471,-92.67100151178471,1000
1029,-95.393959432913,-95.393959432913,1000
1030,-147.72492915478807,-147.72492915478807,1000
1031,-74.922057854936,-74.922057854936,1000
1032,-158.07388384505416,-158.07388384505416,1000
1033,-138.15589570460068,-138.15589570460068,1000
1034,-107.54758801738609,-107.54758801738609,1000
1035,-162.9392724524068,-162.9392724524068,1000
1036,-116.65862975993193,-116.65862975993193,1000
1037,-109.31697893509455,-109.31697893509455,1000
1038,-95.57152788604623,-95.57152788604623,1000
1039,-118.85343661002803,-118.85343661002803,1000
1040,-60.181172928020345,-60.181172928020345,1000
1041,-87.02021788579296,-87.02021788579296,1000
1042,-118.33926282935927,-118.33926282935927,1000
1043,-86.09415838462516,-86.09415838462516,1000
1044,-98.0238737329296,-98.0238737329296,1000
1045,-118.11880987147701,-118.11880987147701,1000
1046,-115.15648366155412,-115.15648366155412,1000
1047,-117.57888337209944,-117.57888337209944,365
1048,-87.73281640155842,-87.73281640155842,1000
1049,-109.86361401675352,-109.86361401675352,1000
1050,-177.95717065318894,-177.95717065318894,876
1051,-129.99534745721232,-129.99534745721232,1000
1052,-86.00992386573694,-86.00992386573694,1000
1053,-118.33169124690058,-118.33169124690058,1000
1054,-105.62403312608615,-105.62403312608615,1000
1055,-91.75195077141736,-91.75195077141736,1000
1056,-122.48704587767979,-122.48704587767979,1000
1057,-134.1145439200181,-134.1145439200181,1000
1058,-122.2468665455286,-122.2468665455286,1000
1059,-110.01909322846856,-110.01909322846856,1000
1060,-119.93194856432422,-119.93194856432422,1000
1061,-116.74404344596111,-116.74404344596111,1000
1062,-92.66972102464973,-92.66972102464973,1000
1063,-96.90344289377923,-96.90344289377923,1000
1064,-83.29404335821782,-83.29404335821782,1000
1065,-83.51166246686357,-83.51166246686357,1000
1066,-114.76907728756717,-114.76907728756717,1000
1067,-79.65977374037682,-79.65977374037682,1000
1068,-85.60257194461673,-85.60257194461673,1000
1069,-97.97935058660399,-97.97935058660399,1000
1070,-116.8863890156405,-116.8863890156405,1000
1071,-113.97266338154184,-113.97266338154184,1000
1072,-108.73733020928914,-108.73733020928914,1000
1073,-86.57667958247411,-86.57667958247411,1000
1074,-102.98495772927856,-102.98495772927856,1000
1075,-76.15962603491285,-76.15962603491285,1000
1076,-94.85366014144478,-94.85366014144478,1000
1077,-107.19143473160507,-107.19143473160507,1000
1078,-120.85059808658198,-120.85059808658198,1000
1079,-121.64277525213336,-121.64277525213336,1000
1080,-134.04696360414215,-134.04696360414215,1000
1081,-128.01099527306766,-128.01099527306766,1000
1082,-96.27779715702651,-96.27779715702651,1000
1083,-116.2243004981358,-116.2243004981358,1000
1084,-85.14023944460422,-85.14023944460422,1000
1085,-103.47339514308588,-103.47339514308588,1000
1086,-100.27572096755075,-100.27572096755075,1000
1087,-78.78499099604002,-78.78499099604002,1000
1088,-112.48264207830337,-112.48264207830337,1000
1089,-118.41408124332227,-118.41408124332227,1000
1090,-102.99341157122936,-102.99341157122936,1000
1091,-93.65915440996105,-93.65915440996105,1000
1092,-70.6059632329992,-70.6059632329992,1000
1093,-87.17745974237381,-87.17745974237381,1000
1094,-127.96509693832125,-127.96509693832125,1000
1095,-92.35013654582289,-92.35013654582289,1000
1096,-84.34531646084294,-84.34531646084294,1000
1097,-80.57646917217862,-80.57646917217862,1000
1098,-107.96268500821736,-107.96268500821736,1000
1099,-89.7496112580109,-89.7496112580109,1000
1100,-33.21619750012332,-33.21619750012332,1000
1101,-74.69936268283404,-74.69936268283404,1000
1102,-95.31994858829364,-95.31994858829364,1000
1103,-72.46729360142534,-72.46729360142534,149
1104,-94.17629179680787,-94.17629179680787,1000
1105,-74.61262446870943,-74.61262446870943,1000
1106,-69.72938837175047,-69.72938837175047,1000
1107,-73.66575921990795,-73.66575921990795,1000
1108,-72.25787528828509,-72.25787528828509,1000
1109,-77.31943601907741,-77.31943601907741,1000
1110,-70.34266310367221,-70.34266310367221,1000
1111,-43.67844930604051,-43.67844930604051,1000
1112,-165.0026258234688,-165.0026258234688,650
1113,-91.84219336498653,-91.84219336498653,1000
1114,-158.36925815163076,-158.36925815163076,659
1115,-80.78930539865752,-80.78930539865752,1000
1116,-69.3876022844024,-69.3876022844024,1000
1117,-87.13453539335225,-87.13453539335225,1000
1118,-166.53516603297925,-166.53516603297925,779
1119,-57.774049082266515,-57.774049082266515,1000
1120,-103.09639531996177,-103.09639531996177,1000
1121,-78.5537994686232,-78.5537994686232,1000
1122,-65.44998986431858,-65.44998986431858,1000
1123,-74.50702073747053,-74.50702073747053,1000
1124,-94.59376987330944,-94.59376987330944,1000
1125,-93.42532262107761,-93.42532262107761,1000
1126,-91.96736840648278,-91.96736840648278,1000
1127,-98.52237238779863,-98.52237238779863,1000
1128,-66.78882875317763,-66.78882875317763,1000
1129,-55.78979359417042,-55.78979359417042,1000
1130,-105.75811672131758,-105.75811672131758,1000
1131,-68.72619855973437,-68.72619855973437,1000
1132,-86.2435167780952,-86.2435167780952,1000
1133,-138.20479084928922,-138.20479084928922,575
1134,-110.47859839471803,-110.47859839471803,1000
1135,-147.4614630107749,-147.4614630107749,633
1136,-104.29812842292398,-104.29812842292398,1000
1137,-65.07188687753951,-65.07188687753951,1000
1138,-64.63130790566481,-64.63130790566481,1000
1139,-43.643416214704175,-43.643416214704175,1000
1140,-79.41890699434231,-79.41890699434231,1000
1141,-88.45951026498808,-88.45951026498808,1000
1142,-105.95512220917298,-105.95512220917298,1000
1143,-94.95284857353514,-94.95284857353514,1000
1144,-61.16432909364894,-61.16432909364894,1000
1145,-82.82950911831801,-82.82950911831801,1000
1146,-79.965952347752,-79.965952347752,1000
1147,-69.33796766195431,-69.33796766195431,1000
1148,-92.00742667995924,-92.00742667995924,1000
1149,-126.98151664320964,-126.98151664320964,1000
1150,-116.4877075250995,-116.4877075250995,1000
1151,-143.4457307272321,-143.4457307272321,613
1152,-97.12517382935974,-97.12517382935974,1000
1153,-76.79546140999804,-76.79546140999804,1000
1154,-111.91237851248388,-111.91237851248388,1000
1155,-94.22302309472738,-94.22302309472738,1000
1156,-86.94009881649362,-86.94009881649362,1000
1157,-51.08699473452194,-51.08699473452194,1000
1158,-103.70562221621172,-103.70562221621172,1000
1159,-93.66879815401168,-93.66879815401168,1000
1160,-117.62389774652776,-117.62389774652776,1000
1161,-119.2242433624122,-119.2242433624122,1000
1162,-93.0919483638993,-93.0919483638993,1000
1163,-116.43794728764239,-116.43794728764239,1000
1164,-129.51825908309175,-129.51825908309175,1000
1165,-134.65341437215022,-134.65341437215022,1000
1166,-122.54602702161516,-122.54602702161516,1000
1167,-160.79627608903402,-160.79627608903402,1000
1168,-147.21975692238627,-147.21975692238627,1000
1169,-99.50339464201015,-99.50339464201015,1000
1170,-115.34382295652992,-115.34382295652992,1000
1171,-115.66678188254565,-115.66678188254565,365
1172,-112.52281210151024,-112.52281210151024,1000
1173,-115.68360197768887,-115.68360197768887,1000
1174,-117.69914092840814,-117.69914092840814,1000
1175,-146.47442068737854,-146.47442068737854,1000
1176,-84.76381929223768,-84.76381929223768,1000
1177,-80.23946332139519,-80.23946332139519,1000
1178,-108.48845036064813,-108.48845036064813,1000
1179,-114.44763155595335,-114.44763155595335,1000
1180,-87.58101297786554,-87.58101297786554,1000
1181,-99.97108592446334,-99.97108592446334,1000
1182,-118.73585138681517,-118.73585138681517,1000
1183,-156.4213509265486,-156.4213509265486,1000
1184,-116.44798951341716,-116.44798951341716,1000
1185,-128.61986923569253,-128.61986923569253,418
1186,-144.6633165933162,-144.6633165933162,1000
1187,-135.63299997424556,-135.63299997424556,1000
1188,-171.90516626786453,-171.90516626786453,1000
1189,-125.17484005059524,-125.17484005059524,374
1190,-139.14422842990066,-139.14422842990066,1000
1191,-177.70813906811875,-177.70813906811875,1000
1192,-122.4821535272746,-122.4821535272746,1000
1193,-97.4095635954767,-97.4095635954767,1000
1194,-156.5831458991196,-156.5831458991196,1000
1195,-96.60987717346192,-96.60987717346192,1000
1196,-126.6854088639828,-126.6854088639828,1000
1197,-125.87482350981364,-125.87482350981364,1000
1198,-82.14612353911835,-82.14612353911835,1000
1199,-80.48100025522037,-80.48100025522037,1000
1200,-139.50828692322514,-139.50828692322514,1000
1201,-129.01284552149392,-129.01284552149392,1000
1202,-102.29172154407166,-102.29172154407166,1000
1203,-80.81128126644332,-80.81128126644332,1000
1204,-67.91321283567738,-67.91321283567738,1000
1205,-75.65894179946746,-75.65894179946746,1000
1206,-91.27029908749938,-91.27029908749938,1000
1207,-66.90292250278432,-66.90292250278432,1000
1208,-67.7128946511957,-67.7128946511957,1000
1209,-110.25376523145763,-110.25376523145763,1000
1210,-73.29215066384896,-73.29215066384896,1000
1211,-79.41902719628511,-79.41902719628511,1000
1212,-91.46104879983321,-91.46104879983321,309
1213,-63.001630356854974,-63.001630356854974,1000
1214,-94.69283299006791,-94.69283299006791,1000
1215,-57.15441395032336,-57.15441395032336,1000
1216,-103.17748816254944,-103.17748816254944,1000
1217,-100.47913356033149,-100.47913356033149,1000
1218,-71.01402732056431,-71.01402732056431,1000
1219,-68.53298522691047,-68.53298522691047,1000
1220,-64.68993256094844,-64.68993256094844,1000
1221,-107.08482400204124,-107.08482400204124,1000
1222,-122.26086078872622,-122.26086078872622,1000
1223,-134.38538332191493,-134.38538332191493,1000
1224,-137.98035447668354,-137.98035447668354,637
1225,-140.1125010385339,-140.1125010385339,571
1226,-77.88288861336166,-77.88288861336166,1000
1227,-114.90743349312785,-114.90743349312785,1000
1228,-113.07902752491773,-113.07902752491773,1000
1229,-125.26823898352993,-125.26823898352993,1000
1230,-80.8011494238883,-80.8011494238883,1000
1231,-94.99580639367271,-94.99580639367271,1000
1232,-48.9229889539043,-48.9229889539043,1000
1233,-52.4382598480322,-52.4382598480322,1000
1234,-52.23767150374339,-52.23767150374339,1000
1235,-107.65038202880531,-107.65038202880531,1000
1236,-59.75503484485708,-59.75503484485708,1000
1237,-113.75848552453701,-113.75848552453701,1000
1238,-113.2234994828134,-113.2234994828134,1000
1239,-100.76409797642813,-100.76409797642813,1000
1240,-76.77886244728236,-76.77886244728236,1000
1241,-61.042148719863704,-61.042148719863704,1000
1242,-109.74276744487364,-109.74276744487364,1000
1243,-138.22947926860553,-138.22947926860553,1000
1244,-109.55285846130724,-109.55285846130724,343
1245,-107.54421778601645,-107.54421778601645,1000
1246,-125.0720402437464,-125.0720402437464,1000
1247,-122.05510110331952,-122.05510110331952,1000
1248,-99.26213235193357,-99.26213235193357,1000
1249,-130.98456985753577,-130.98456985753577,1000
1250,-108.00700640988443,-108.00700640988443,1000
1251,-80.2751887604105,-80.2751887604105,1000
1252,-105.8146142044972,-105.8146142044972,1000
1253,-115.05440976722734,-115.05440976722734,1000
1254,-93.67040665329789,-93.67040665329789,1000
1255,-86.23303859117159,-86.23303859117159,1000
1256,-54.02235267548165,-54.02235267548165,1000
1257,-90.30102360335135,-90.30102360335135,1000
1258,-87.90689006639342,-87.90689006639342,1000
1259,-90.66399756698345,-90.66399756698345,233
1260,-201.121970869986,-201.121970869986,994
1261,-86.01342827894285,-86.01342827894285,1000
1262,-206.39696389332914,-206.39696389332914,844
1263,-99.15808924540218,-99.15808924540218,1000
1264,-71.9291115189335,-71.9291115189335,206
1265,-102.2942113012439,-102.2942113012439,1000
1266,-57.13771805947957,-57.13771805947957,1000
1267,-58.227139757232635,-58.227139757232635,1000
1268,-47.338570252685805,-47.338570252685805,1000
1269,-45.79444020916675,-45.79444020916675,1000
1270,-95.43655037366078,-95.43655037366078,1000
1271,-96.72169125500486,-96.72169125500486,1000
1272,-69.08029097127364,-69.08029097127364,1000
1273,-97.62379521058462,-97.62379521058462,1000
1274,-80.03797654602434,-80.03797654602434,1000
1275,-42.32574897848725,-42.32574897848725,1000
1276,-93.3000263285306,-93.3000263285306,1000
1277,-126.14874205205587,-126.14874205205587,1000
1278,-92.6183680280462,-92.6183680280462,1000
1279,-120.18175241634991,-120.18175241634991,1000
1280,-59.00418176876753,-59.00418176876753,1000
1281,-87.74439805731375,-87.74439805731375,163
1282,-65.44387159564388,-65.44387159564388,1000
1283,-61.045009796027756,-61.045009796027756,1000
1284,-116.32464599741445,-116.32464599741445,1000
1285,-57.68311773894254,-57.68311773894254,1000
1286,-76.41110155183895,-76.41110155183895,227
1287,-98.07250579847488,-98.07250579847488,1000
1288,-102.41294083097424,-102.41294083097424,170
1289,-104.50216226064643,-104.50216226064643,246
1290,-95.39292434216573,-95.39292434216573,1000
1291,-99.10221440753807,-99.10221440753807,1000
1292,-100.43041914308623,-100.43041914308623,1000
1293,-79.19065201907203,-79.19065201907203,1000
1294,-47.07221040973491,-47.07221040973491,1000
1295,-71.64818742179962,-71.64818742179962,157
1296,-100.55309096857758,-100.55309096857758,108
1297,-49.86034468238371,-49.86034468238371,1000
1298,-70.84511373437662,-70.84511373437662,1000
1299,-204.5703402619442,-204.5703402619442,935
1300,-100.75054294073077,-100.75054294073077,1000
1301,-83.32970960270956,-83.32970960270956,1000
1302,-92.01002723387265,-92.01002723387265,239
1303,-88.26028120775433,-88.26028120775433,1000
1304,-66.13469746233329,-66.13469746233329,1000
1305,-80.49527288172511,-80.49527288172511,1000
1306,-121.7751688765259,-121.7751688765259,1000
1307,-62.34297542582068,-62.34297542582068,1000
1308,-104.41565901171272,-104.41565901171272,1000
1309,-111.17115371620321,-111.17115371620321,1000
1310,-112.45613447238297,-112.45613447238297,1000
1311,-101.05586517427741,-101.05586517427741,1000
1312,-126.84881996922299,-126.84881996922299,1000
1313,-233.03218164550034,-233.03218164550034,915
1314,-108.48432050989936,-108.48432050989936,1000
1315,-62.77514803054761,-62.77514803054761,1000
1316,-66.31442696852619,-66.31442696852619,1000
1317,-53.47969096157134,-53.47969096157134,1000
1318,-64.58357017255224,-64.58357017255224,1000
1319,-109.30745616818609,-109.30745616818609,1000
1320,-96.3699404195446,-96.3699404195446,1000
1321,-137.98408927285428,-137.98408927285428,538
1322,-72.07408159070268,-72.07408159070268,1000
1323,-140.9833237618124,-140.9833237618124,1000
1324,-69.47888619172832,-69.47888619172832,1000
1325,-151.62925154048884,-151.62925154048884,664
1326,-97.28261384990893,-97.28261384990893,1000
1327,-56.15842990751709,-56.15842990751709,1000
1328,-103.1213906616561,-103.1213906616561,1000
1329,-79.52284130336209,-79.52284130336209,1000
1330,-183.46446174318888,-183.46446174318888,813
1331,-78.2074993581507,-78.2074993581507,1000
1332,-93.47633860711224,-93.47633860711224,1000
1333,-88.14658518076274,-88.14658518076274,1000
1334,-45.31301361958039,-45.31301361958039,1000
1335,-94.73060793591247,-94.73060793591247,1000
1336,-62.94708877846013,-62.94708877846013,1000
1337,-80.32108414925563,-80.32108414925563,1000
1338,-77.81440267586694,-77.81440267586694,145
1339,-41.38344189502727,-41.38344189502727,1000
1340,-19.239890348252697,-19.239890348252697,1000
1341,-48.61844797764937,-48.61844797764937,1000
1342,-110.5766122584969,-110.5766122584969,1000
1343,-99.40857445108972,-99.40857445108972,1000
1344,-46.324142320504606,-46.324142320504606,1000
1345,-38.05258365614517,-38.05258365614517,1000
1346,-98.83380886247664,-98.83380886247664,1000
1347,-88.41609534777834,-88.41609534777834,1000
1348,-83.87628097586446,-83.87628097586446,1000
1349,-142.5139784561899,-142.5139784561899,1000
1350,-72.5621711044362,-72.5621711044362,1000
1351,-78.47212957126914,-78.47212957126914,1000
1352,-59.91795851358234,-59.91795851358234,1000
1353,-84.87485108467234,-84.87485108467234,1000
1354,-53.94449945972587,-53.94449945972587,1000
1355,-64.02112289058195,-64.02112289058195,1000
1356,-19.341890310664393,-19.341890310664393,1000
1357,-66.61701901832305,-66.61701901832305,1000
1358,-167.13279167311043,-167.13279167311043,816
1359,-92.67611152686942,-92.67611152686942,1000
1360,-67.78407463048939,-67.78407463048939,1000
1361,-81.90556550814571,-81.90556550814571,1000
1362,-159.03300308430067,-159.03300308430067,646
1363,-68.2361893108873,-68.2361893108873,1000
1364,-72.49578950388415,-72.49578950388415,174
1365,-84.89837222537777,-84.89837222537777,1000
1366,-87.1395036567041,-87.1395036567041,1000
1367,-68.70581337814583,-68.70581337814583,1000
1368,-116.26953006632384,-116.26953006632384,1000
1369,-84.99390013475492,-84.99390013475492,1000
1370,-127.93913406996518,-127.93913406996518,1000
1371,-133.93105046642157,-133.93105046642157,1000
1372,-117.05717648847323,-117.05717648847323,1000
1373,-57.957679815738075,-57.957679815738075,1000
1374,-116.85724907817507,-116.85724907817507,248
1375,-126.70404274261878,-126.70404274261878,1000
1376,-164.72434058266722,-164.72434058266722,1000
1377,-76.36602242524987,-76.36602242524987,153
1378,-117.15504288330985,-117.15504288330985,1000
1379,-111.86804897725182,-111.86804897725182,1000
1380,-64.43147104385478,-64.43147104385478,1000
1381,-56.0777703665874,-56.0777703665874,1000
1382,-72.15736377086452,-72.15736377086452,1000
1383,-114.36500968956206,-114.36500968956206,1000
1384,-58.42445489913051,-58.42445489913051,1000
1385,-143.89852500300088,-143.89852500300088,1000
1386,-117.84096091089191,-117.84096091089191,1000
1387,-125.6571136580379,-125.6571136580379,1000
1388,-62.48538996080138,-62.48538996080138,1000
1389,-84.44858723789031,-84.44858723789031,1000
1390,-74.59965461395684,-74.59965461395684,1000
1391,-112.79947502793553,-112.79947502793553,1000
1392,-121.36282653508188,-121.36282653508188,1000
1393,-151.91678660323308,-151.91678660323308,1000
1394,-155.50676806832232,-155.50676806832232,1000
1395,-167.3863480839493,-167.3863480839493,1000
1396,-126.32994698556585,-126.32994698556585,1000
1397,-78.99567834706674,-78.99567834706674,1000
1398,-103.14941847813371,-103.14941847813371,1000
1399,-124.99578330408275,-124.99578330408275,1000
1400,-39.251129520622236,-39.251129520622236,1000
1401,-87.98873604700437,-87.98873604700437,1000
1402,-94.19270356240264,-94.19270356240264,1000
1403,-63.75169378616856,-63.75169378616856,1000
1404,-80.06350252994872,-80.06350252994872,194
1405,-55.466388019267626,-55.466388019267626,1000
1406,-117.45506691670398,-117.45506691670398,221
1407,-36.344401087713685,-36.344401087713685,1000
1408,-118.62663001088949,-118.62663001088949,1000
1409,-108.98010986106608,-108.98010986106608,1000
1410,-122.0796968050853,-122.0796968050853,1000
1411,-106.41356877531737,-106.41356877531737,1000
1412,-76.3694034154966,-76.3694034154966,156
1413,-182.90766272911702,-182.90766272911702,737
1414,-61.23372184253286,-61.23372184253286,1000
1415,-150.40266007405148,-150.40266007405148,1000
1416,-198.50758687563166,-198.50758687563166,672
1417,-123.08731179777838,-123.08731179777838,1000
1418,-36.49191868812947,-36.49191868812947,1000
1419,-66.16109862010175,-66.16109862010175,1000
1420,-76.95678268343077,-76.95678268343077,1000
1421,-86.72271068458717,-86.72271068458717,1000
1422,-55.84238487200253,-55.84238487200253,1000
1423,-29.099788878242023,-29.099788878242023,1000
1424,-75.44141106226802,-75.44141106226802,1000
1425,-65.2140868922205,-65.2140868922205,1000
1426,-97.63519291902676,-97.63519291902676,152
1427,-63.15306873359691,-63.15306873359691,1000
1428,-52.02372001067661,-52.02372001067661,1000
1429,-93.03273089801013,-93.03273089801013,1000
1430,-150.30347039991562,-150.30347039991562,1000
1431,-87.72598367109076,-87.72598367109076,1000
1432,-94.90816401453043,-94.90816401453043,1000
1433,-49.978945229528506,-49.978945229528506,1000
1434,-94.26010739349282,-94.26010739349282,1000
1435,-78.32372860557747,-78.32372860557747,1000
1436,-16.260372663054202,-16.260372663054202,1000
1437,-81.71526638684307,-81.71526638684307,1000
1438,-68.48323441724916,-68.48323441724916,191
1439,-78.47925436526131,-78.47925436526131,155
1440,-32.12060902324027,-32.12060902324027,1000
1441,-144.04616197558627,-144.04616197558627,418
1442,-69.05456478126673,-69.05456478126673,1000
1443,-118.3388059353313,-118.3388059353313,1000
1444,-181.93657883738365,-181.93657883738365,757
1445,-45.9526964389339,-45.9526964389339,1000
1446,-86.84686923603537,-86.84686923603537,1000
1447,-103.00858365251683,-103.00858365251683,1000
1448,-56.711033907265765,-56.711033907265765,1000
1449,-83.62332493397933,-83.62332493397933,1000
1450,-86.84624260937956,-86.84624260937956,1000
1451,-53.99240955342491,-53.99240955342491,1000
1452,-96.8788164669665,-96.8788164669665,1000
1453,-110.37937500058075,-110.37937500058075,1000
1454,-155.12733825909788,-155.12733825909788,562
1455,-63.510338389373054,-63.510338389373054,1000
1456,-59.825940885142046,-59.825940885142046,1000
1457,-77.7126796869116,-77.7126796869116,1000
1458,-171.73115511257222,-171.73115511257222,705
1459,-52.285885384241716,-52.285885384241716,1000
1460,-53.66251150256409,-53.66251150256409,1000
1461,-94.22405334480915,-94.22405334480915,1000
1462,-96.43381365415551,-96.43381365415551,1000
1463,-101.2260907312324,-101.2260907312324,1000
1464,-128.71992037271735,-128.71992037271735,233
1465,-125.45923998695427,-125.45923998695427,386
1466,-110.95773899774126,-110.95773899774126,193
1467,-106.6853706249016,-106.6853706249016,1000
1468,-125.94042969612603,-125.94042969612603,1000
1469,-96.00263489825817,-96.00263489825817,1000
1470,-119.64228428948157,-119.64228428948157,259
1471,-206.8289782499579,-206.8289782499579,796
1472,-130.06142394215277,-130.06142394215277,1000
1473,-107.88929372522624,-107.88929372522624,247
1474,-123.8933254928742,-123.8933254928742,1000
1475,-135.3714684743799,-135.3714684743799,1000
1476,-112.18611652456154,-112.18611652456154,1000
1477,-109.28050813476001,-109.28050813476001,1000
1478,-142.8456191770193,-142.8456191770193,387
1479,-87.01443076316143,-87.01443076316143,1000
1480,-82.12316282252014,-82.12316282252014,1000
1481,-112.97024977385361,-112.97024977385361,1000
1482,-109.83002971642273,-109.83002971642273,1000
1483,-124.60469966622856,-124.60469966622856,1000
1484,-80.00099841687937,-80.00099841687937,1000
1485,-70.97100650273931,-70.97100650273931,1000
1486,-101.79803972855072,-101.79803972855072,165
1487,-83.25281023967665,-83.25281023967665,1000
1488,-114.14021258065941,-114.14021258065941,427
1489,-70.15145094544111,-70.15145094544111,1000
1490,-102.77444336568422,-102.77444336568422,1000
1491,-120.60891738143195,-120.60891738143195,1000
1492,-72.57694942483198,-72.57694942483198,1000
1493,-102.12989421516072,-102.12989421516072,185
1494,-94.77707442385055,-94.77707442385055,1000
1495,-106.08336803557421,-106.08336803557421,1000
1496,-74.62114550582794,-74.62114550582794,192
1497,-101.89929184492226,-101.89929184492226,1000
1498,-69.08091948821651,-69.08091948821651,1000
1499,-66.30128193818923,-66.30128193818923,1000
1500,-106.1633977512024,-106.1633977512024,1000
1501,-55.18008990450826,-55.18008990450826,1000
1502,-85.73041862161749,-85.73041862161749,1000
1503,-85.57163762785692,-85.57163762785692,1000
1504,-114.0914497449378,-114.0914497449378,263
1505,-114.76089857997873,-114.76089857997873,194
1506,-99.19165061232911,-99.19165061232911,1000
1507,-23.685969524728094,-23.685969524728094,1000
1508,-73.51282080964974,-73.51282080964974,1000
1509,-43.973752762736865,-43.973752762736865,1000
1510,-69.43593026092974,-69.43593026092974,1000
1511,-56.15341008826648,-56.15341008826648,1000
1512,-103.65286611044904,-103.65286611044904,1000
1513,-99.62566883508676,-99.62566883508676,1000
1514,-106.04576391004129,-106.04576391004129,1000
1515,-62.93935838197991,-62.93935838197991,1000
1516,-100.45432825040209,-100.45432825040209,1000
1517,-107.99101322004265,-107.99101322004265,1000
1518,-99.07005300546952,-99.07005300546952,1000
1519,-122.11596126047213,-122.11596126047213,1000
1520,-88.22106898853285,-88.22106898853285,1000
1521,-101.55501896848983,-101.55501896848983,1000
1522,-105.24905313582622,-105.24905313582622,1000
1523,-124.06049320156218,-124.06049320156218,1000
1524,-83.71126030487632,-83.71126030487632,1000
1525,-78.83240719353941,-78.83240719353941,1000
1526,-113.27788402737552,-113.27788402737552,1000
1527,-102.10864701897823,-102.10864701897823,1000
1528,-114.72007875206879,-114.72007875206879,1000
1529,-100.1118614069294,-100.1118614069294,1000
1530,-50.44398936904659,-50.44398936904659,1000
1531,-85.33847805117824,-85.33847805117824,1000
1532,-112.16546099231846,-112.16546099231846,1000
1533,-108.39143281083834,-108.39143281083834,1000
1534,-99.7957241491371,-99.7957241491371,1000
1535,-75.6786914044694,-75.6786914044694,1000
1536,-108.8731407654338,-108.8731407654338,1000
1537,-102.80665152917253,-102.80665152917253,1000
1538,-24.46093889946857,-24.46093889946857,1000
1539,-117.1911973924214,-117.1911973924214,202
1540,-55.30458845551991,-55.30458845551991,1000
1541,-63.87836520981794,-63.87836520981794,1000
1542,-70.81121947560668,-70.81121947560668,1000
1543,-71.97315603578879,-71.97315603578879,1000
1544,-112.71216662566725,-112.71216662566725,257
1545,-79.47975112011788,-79.47975112011788,1000
1546,-90.66894951472638,-90.66894951472638,1000
1547,-75.49412601392405,-75.49412601392405,1000
1548,-59.46087254033937,-59.46087254033937,1000
1549,-76.32576464185105,-76.32576464185105,1000
1550,-95.15982752412474,-95.15982752412474,1000
1551,-112.84152396381506,-112.84152396381506,280
1552,-79.8897752301911,-79.8897752301911,1000
1553,-62.08306690123021,-62.08306690123021,1000
1554,-91.53585304062764,-91.53585304062764,1000
1555,-27.353934779369034,-27.353934779369034,1000
1556,-47.874905586983715,-47.874905586983715,1000
1557,-70.41769650598748,-70.41769650598748,1000
1558,-94.95420763237604,-94.95420763237604,1000
1559,-71.94140248773444,-71.94140248773444,1000
1560,-48.2120415512922,-48.2120415512922,1000
1561,-56.95910412908963,-56.95910412908963,1000
1562,-93.89858225749614,-93.89858225749614,1000
1563,-121.0518352284587,-121.0518352284587,341
1564,-74.0535993619665,-74.0535993619665,1000
1565,-104.70663400857242,-104.70663400857242,1000
1566,-123.82170542908003,-123.82170542908003,1000
1567,-89.71769290826555,-89.71769290826555,1000
1568,-87.98105387501998,-87.98105387501998,1000
1569,-52.7469702252133,-52.7469702252133,1000
1570,-77.87518638621702,-77.87518638621702,1000
1571,-197.4391972551282,-197.4391972551282,885
1572,-78.14785745331884,-78.14785745331884,1000
1573,-106.52729227282714,-106.52729227282714,221
1574,-97.05650474111285,-97.05650474111285,1000
1575,-86.07238500762324,-86.07238500762324,1000
1576,-59.78260764902376,-59.78260764902376,1000
1577,-96.72651664626828,-96.72651664626828,1000
1578,-82.96841273439462,-82.96841273439462,1000
1579,-96.03745743649777,-96.03745743649777,1000
1580,-72.96236415494154,-72.96236415494154,1000
1581,-78.47273959580247,-78.47273959580247,1000
1582,-86.55077358115484,-86.55077358115484,1000
1583,-112.73909268718201,-112.73909268718201,1000
1584,-81.24306108157998,-81.24306108157998,1000
1585,-76.69909502402152,-76.69909502402152,1000
1586,-91.56375961026644,-91.56375961026644,1000
1587,-59.7079401183172,-59.7079401183172,1000
1588,-76.8300618723113,-76.8300618723113,1000
1589,-63.00542949395701,-63.00542949395701,1000
1590,-67.93139115565567,-67.93139115565567,1000
1591,-21.594685247173448,-21.594685247173448,1000
1592,-101.00963597305892,-101.00963597305892,1000
1593,-72.5140468529545,-72.5140468529545,1000
1594,-73.46679472585411,-73.46679472585411,1000
1595,-68.81207829332524,-68.81207829332524,1000
1596,-115.85205303321126,-115.85205303321126,1000
1597,-113.95305850544415,-113.95305850544415,190
1598,-132.5206882087428,-132.5206882087428,200
1599,-67.62428849596733,-67.62428849596733,1000
1600,-61.486610844767625,-61.486610844767625,1000
1601,-74.63943445606075,-74.63943445606075,1000
1602,-115.24949765172899,-115.24949765172899,1000
1603,-98.41113138098616,-98.41113138098616,141
1604,-103.00049762143807,-103.00049762143807,196
1605,-109.50444745131651,-109.50444745131651,1000
1606,-96.38836012124465,-96.38836012124465,1000
1607,-75.63591424652522,-75.63591424652522,1000
1608,-94.03163227147333,-94.03163227147333,1000
1609,-105.11654847857615,-105.11654847857615,1000
1610,-94.25258775728348,-94.25258775728348,194
1611,-100.11183502963432,-100.11183502963432,1000
1612,-117.19259216367263,-117.19259216367263,1000
1613,-145.07693296936708,-145.07693296936708,1000
1614,-156.30671977290856,-156.30671977290856,398
1615,-126.17246417083588,-126.17246417083588,1000
1616,-147.4506266427409,-147.4506266427409,1000
1617,-142.81693900820844,-142.81693900820844,1000
1618,-111.45936179154174,-111.45936179154174,1000
1619,-138.2632926430779,-138.2632926430779,1000
1620,-158.9602726612214,-158.9602726612214,1000
1621,-131.3915288717455,-131.3915288717455,1000
1622,-159.50244773418018,-159.50244773418018,1000
1623,-107.6316386402924,-107.6316386402924,1000
1624,-86.14859929670774,-86.14859929670774,190
1625,-76.36226586054846,-76.36226586054846,1000
1626,-135.4692934261423,-135.4692934261423,1000
1627,-85.85252600998744,-85.85252600998744,1000
1628,-86.99127522812479,-86.99127522812479,1000
1629,-103.62443190093211,-103.62443190093211,1000
1630,-129.47783303434875,-129.47783303434875,1000
1631,-182.61960270621498,-182.61960270621498,1000
1632,-155.20709607865098,-155.20709607865098,1000
1633,-141.72134605176066,-141.72134605176066,1000
1634,-101.92312233334371,-101.92312233334371,1000
1635,-104.1130169751584,-104.1130169751584,254
1636,-133.71097063200256,-133.71097063200256,385
1637,-110.77692688768234,-110.77692688768234,1000
1638,-127.2624005015602,-127.2624005015602,1000
1639,-73.7783828852493,-73.7783828852493,159
1640,-103.16717705058086,-103.16717705058086,1000
1641,-143.81207295749635,-143.81207295749635,1000
1642,-78.59986654493,-78.59986654493,1000
1643,-229.74735569097533,-229.74735569097533,839
1644,-125.3622671077726,-125.3622671077726,1000
1645,-131.8829162553234,-131.8829162553234,1000
1646,-121.96564254750561,-121.96564254750561,1000
1647,-86.79523959670105,-86.79523959670105,1000
1648,-91.93765578198841,-91.93765578198841,1000
1649,-94.23593997909448,-94.23593997909448,1000
1650,-81.22040079134162,-81.22040079134162,1000
1651,-93.21034351773775,-93.21034351773775,1000
1652,-127.23988887685597,-127.23988887685597,1000
1653,-87.99975079560193,-87.99975079560193,1000
1654,-133.82255185829723,-133.82255185829723,1000
1655,-104.51813482236359,-104.51813482236359,1000
1656,-123.29290170942758,-123.29290170942758,1000
1657,-70.15773520625955,-70.15773520625955,1000
1658,-103.47004212200702,-103.47004212200702,357
1659,-97.44915085373769,-97.44915085373769,356
1660,-106.12482950076081,-106.12482950076081,1000
1661,-76.28981920452046,-76.28981920452046,1000
1662,-82.22733674216097,-82.22733674216097,1000
1663,-73.68875800192811,-73.68875800192811,1000
1664,-144.61614898326917,-144.61614898326917,1000
1665,-141.33810066337065,-141.33810066337065,1000
1666,-94.91542000215058,-94.91542000215058,1000
1667,-201.59709118474598,-201.59709118474598,994
1668,-73.12868269517263,-73.12868269517263,1000
1669,-101.546583819452,-101.546583819452,1000
1670,-166.71824559852507,-166.71824559852507,557
1671,-86.57842265417678,-86.57842265417678,1000
1672,-101.84908328524742,-101.84908328524742,1000
1673,-192.35958213150377,-192.35958213150377,883
1674,-81.25809949377691,-81.25809949377691,1000
1675,-104.07081401001756,-104.07081401001756,1000
1676,-77.27381391660714,-77.27381391660714,1000
1677,-84.26864166671643,-84.26864166671643,1000
1678,-92.90989526346942,-92.90989526346942,1000
1679,-104.17962283464242,-104.17962283464242,1000
1680,-82.21627119698833,-82.21627119698833,1000
1681,-100.91386128837925,-100.91386128837925,1000
1682,-105.56880364626312,-105.56880364626312,1000
1683,-113.13224383073168,-113.13224383073168,1000
1684,-147.60780480547004,-147.60780480547004,1000
1685,-119.51064344354681,-119.51064344354681,1000
1686,-245.85820247650994,-245.85820247650994,938
1687,-143.0007464947324,-143.0007464947324,1000
1688,-157.61523505503038,-157.61523505503038,1000
1689,-99.3007002388258,-99.3007002388258,1000
1690,-91.30597684840764,-91.30597684840764,1000
1691,-90.70937633114039,-90.70937633114039,1000
1692,-95.19190397859475,-95.19190397859475,1000
1693,-139.54146531808487,-139.54146531808487,1000
1694,-140.9915161821341,-140.9915161821341,1000
1695,-106.89903080764807,-106.89903080764807,1000
1696,-121.11642104715496,-121.11642104715496,1000
1697,-102.80000413033376,-102.80000413033376,1000
1698,-138.26800801236584,-138.26800801236584,1000
1699,-143.23491404771855,-143.23491404771855,1000
1700,-97.63502341048087,-97.63502341048087,1000
1701,-96.3584094647152,-96.3584094647152,1000
1702,-100.84378086191737,-100.84378086191737,222
1703,-125.56562372368569,-125.56562372368569,1000
1704,-128.928561960389,-128.928561960389,1000
1705,-104.7366676779274,-104.7366676779274,353
1706,-75.36993954591287,-75.36993954591287,1000
1707,-109.58256502285617,-109.58256502285617,1000
1708,-104.49594979678939,-104.49594979678939,1000
1709,-123.83051752573483,-123.83051752573483,1000
1710,-100.63560622141424,-100.63560622141424,1000
1711,-72.00031776133511,-72.00031776133511,1000
1712,-81.63115167223009,-81.63115167223009,1000
1713,-90.69168033182834,-90.69168033182834,1000
1714,-76.13480629469947,-76.13480629469947,1000
1715,-68.17754493726964,-68.17754493726964,1000
1716,-106.36161749081984,-106.36161749081984,262
1717,-119.6408589223222,-119.6408589223222,1000
1718,-83.68588481338512,-83.68588481338512,1000
1719,-204.7282324599861,-204.7282324599861,982
1720,-75.41397426752637,-75.41397426752637,1000
1721,-91.47744635295102,-91.47744635295102,1000
1722,-135.06642356085342,-135.06642356085342,1000
1723,-149.09916917145006,-149.09916917145006,362
1724,-79.64867003736653,-79.64867003736653,1000
1725,-92.03597351309757,-92.03597351309757,170
1726,-98.30196777026998,-98.30196777026998,1000
1727,-79.34220400966817,-79.34220400966817,1000
1728,-231.80113101783155,-231.80113101783155,950
1729,-109.43845000156922,-109.43845000156922,1000
1730,-82.4394443406473,-82.4394443406473,1000
1731,-162.8574375002603,-162.8574375002603,1000
1732,-128.60012733240944,-128.60012733240944,1000
1733,-183.9549362506014,-183.9549362506014,625
1734,-137.55807680622792,-137.55807680622792,1000
1735,-116.93039994895187,-116.93039994895187,1000
1736,-112.09953196787923,-112.09953196787923,1000
1737,-87.14816886064656,-87.14816886064656,1000
1738,-132.4095847785989,-132.4095847785989,1000
1739,-109.46339286865398,-109.46339286865398,188
1740,-107.04001159329842,-107.04001159329842,1000
1741,-91.79285563697695,-91.79285563697695,1000
1742,-127.31502397561691,-127.31502397561691,1000
1743,-117.92105114768886,-117.92105114768886,1000
1744,-150.94808690784788,-150.94808690784788,1000
1745,-155.6457113040846,-155.6457113040846,637
1746,-121.42896998600963,-121.42896998600963,1000
1747,-142.63038311538733,-142.63038311538733,399
1748,-106.82553672714147,-106.82553672714147,1000
1749,-125.43384934715532,-125.43384934715532,1000
1750,-133.24606328916167,-133.24606328916167,536
1751,-111.1227704092382,-111.1227704092382,1000
1752,-106.690957186302,-106.690957186302,1000
1753,-79.74225504984865,-79.74225504984865,1000
1754,-101.1506346107829,-101.1506346107829,1000
1755,-153.02373588517932,-153.02373588517932,1000
1756,-111.42680856932738,-111.42680856932738,1000
1757,-99.00013367175389,-99.00013367175389,1000
1758,-118.90544981725695,-118.90544981725695,1000
1759,-98.54644142766446,-98.54644142766446,167
1760,-57.00338574037724,-57.00338574037724,1000
1761,-74.19227608132216,-74.19227608132216,1000
1762,-88.32991652732876,-88.32991652732876,1000
1763,-101.02732980120037,-101.02732980120037,1000
1764,-108.03467632032022,-108.03467632032022,1000
1765,-137.35094393856656,-137.35094393856656,610
1766,-137.9420427366343,-137.9420427366343,1000
1767,-90.02723820839257,-90.02723820839257,1000
1768,-104.86600037591808,-104.86600037591808,1000
1769,-96.2480181976541,-96.2480181976541,1000
1770,-93.2474571282166,-93.2474571282166,1000
1771,-117.44388723229996,-117.44388723229996,1000
1772,-77.77220520399507,-77.77220520399507,1000
1773,-80.4020123722409,-80.4020123722409,200
1774,-97.5847672981506,-97.5847672981506,1000
1775,-126.08773986231247,-126.08773986231247,1000
1776,-119.01829593587841,-119.01829593587841,1000
1777,-86.89666591476733,-86.89666591476733,1000
1778,-129.4932247695236,-129.4932247695236,1000
1779,-111.79696520249979,-111.79696520249979,1000
1780,-110.53694159379214,-110.53694159379214,1000
1781,-97.79364143035335,-97.79364143035335,1000
1782,-105.2818775198442,-105.2818775198442,1000
1783,-107.70087744758658,-107.70087744758658,421
1784,-113.19870259884922,-113.19870259884922,1000
1785,-134.43455926482247,-134.43455926482247,1000
1786,-134.11608645463988,-134.11608645463988,1000
1787,-88.3526585181285,-88.3526585181285,1000
1788,-120.54427065901001,-120.54427065901001,1000
1789,-95.72957165216029,-95.72957165216029,1000
1790,-111.74919101171747,-111.74919101171747,1000
1791,-130.1024150907638,-130.1024150907638,1000
1792,-115.2182653075877,-115.2182653075877,1000
1793,-80.79179519958542,-80.79179519958542,1000
1794,-92.18022246179655,-92.18022246179655,1000
1795,-106.01886128819119,-106.01886128819119,1000
1796,-79.45027734092514,-79.45027734092514,1000
1797,-103.19923074050689,-103.19923074050689,1000
1798,-118.5049610592985,-118.5049610592985,1000
1799,-94.28511778529582,-94.28511778529582,1000
1800,-106.78883423876714,-106.78883423876714,1000
1801,-128.37387134262946,-128.37387134262946,1000
1802,-94.47797696665386,-94.47797696665386,1000
1803,-113.12178786688884,-113.12178786688884,1000
1804,-76.22760795244211,-76.22760795244211,1000
1805,-157.09636031771828,-157.09636031771828,651
1806,-150.7349854148129,-150.7349854148129,544
1807,-103.77681786770204,-103.77681786770204,1000
1808,-125.63236561177555,-125.63236561177555,1000
1809,-85.82317479203083,-85.82317479203083,1000
1810,-111.9014057260458,-111.9014057260458,1000
1811,-136.1480527803156,-136.1480527803156,1000
1812,-96.21008589244825,-96.21008589244825,1000
1813,-137.05847228461633,-137.05847228461633,1000
1814,-95.3773949559313,-95.3773949559313,1000
1815,-113.5679287600083,-113.5679287600083,154
1816,-66.73976645114314,-66.73976645114314,1000
1817,-74.98576426858061,-74.98576426858061,1000
1818,-117.53269182991392,-117.53269182991392,1000
1819,-101.81374697440154,-101.81374697440154,228
1820,-111.03837087422673,-111.03837087422673,200
1821,-97.44974533329288,-97.44974533329288,206
1822,-225.19765165249436,-225.19765165249436,781
1823,-101.50210519721911,-101.50210519721911,176
1824,-149.92040310046917,-149.92040310046917,1000
1825,-182.53823341304184,-182.53823341304184,657
1826,-132.5091012781119,-132.5091012781119,1000
1827,-214.08686304419814,-214.08686304419814,885
1828,-139.82511883898542,-139.82511883898542,1000
1829,-121.6022610871432,-121.6022610871432,1000
1830,-137.45415821548374,-137.45415821548374,1000
1831,-86.12704563840846,-86.12704563840846,173
1832,-125.44523463019941,-125.44523463019941,1000
1833,-196.1858469580979,-196.1858469580979,779
1834,-138.34844426115228,-138.34844426115228,1000
1835,-179.9858704367134,-179.9858704367134,705
1836,-106.18059279533603,-106.18059279533603,1000
1837,-107.23182753265347,-107.23182753265347,1000
1838,-211.98471217036683,-211.98471217036683,912
1839,-112.79214891899925,-112.79214891899925,161
1840,-171.8242545540091,-171.8242545540091,765
1841,-117.5690172246791,-117.5690172246791,1000
1842,-184.9574042519502,-184.9574042519502,814
1843,-112.64860860012844,-112.64860860012844,1000
1844,-85.97247749924357,-85.97247749924357,1000
1845,-116.0176750834331,-116.0176750834331,1000
1846,-136.75341229124254,-136.75341229124254,1000
1847,-237.92850462252974,-237.92850462252974,970
1848,-134.60054662545417,-134.60054662545417,1000
1849,-122.57905858626621,-122.57905858626621,1000
1850,-112.44924672106121,-112.44924672106121,1000
1851,-201.52108409304984,-201.52108409304984,915
1852,-119.57061030421671,-119.57061030421671,1000
1853,-112.37035478371428,-112.37035478371428,1000
1854,-83.60993071469966,-83.60993071469966,1000
1855,-119.1974411316823,-119.1974411316823,1000
1856,-90.86983127346065,-90.86983127346065,1000
1857,-90.82319282512648,-90.82319282512648,141
1858,-92.08595198897035,-92.08595198897035,221
1859,-118.3410280432041,-118.3410280432041,1000
1860,-80.2839771693047,-80.2839771693047,1000
1861,-116.36611303366746,-116.36611303366746,298
1862,-186.02794900132767,-186.02794900132767,703
1863,-101.04249663117263,-101.04249663117263,166
1864,-115.57008112838017,-115.57008112838017,1000
1865,-109.49315841566995,-109.49315841566995,448
1866,-106.62678932496574,-106.62678932496574,1000
1867,-95.71472693217378,-95.71472693217378,1000
1868,-101.46832049707349,-101.46832049707349,1000
1869,-71.5292999279476,-71.5292999279476,1000
1870,-82.52429403089914,-82.52429403089914,1000
1871,-118.59525378719407,-118.59525378719407,1000
1872,-95.72343076921476,-95.72343076921476,1000
1873,-143.4877378116528,-143.4877378116528,420
1874,-61.6167458078607,-61.6167458078607,1000
1875,-123.83319421860443,-123.83319421860443,1000
1876,-111.46088275385756,-111.46088275385756,1000
1877,-108.05679132089479,-108.05679132089479,1000
1878,-128.17941124602223,-128.17941124602223,1000
1879,-95.20779263060402,-95.20779263060402,1000
1880,-112.95448955661865,-112.95448955661865,1000
1881,-119.95907600146029,-119.95907600146029,1000
1882,-106.32970368429528,-106.32970368429528,1000
1883,-80.3958059764568,-80.3958059764568,1000
1884,-95.04143108935293,-95.04143108935293,1000
1885,-129.08857305429729,-129.08857305429729,460
1886,-60.82253577433111,-60.82253577433111,1000
1887,-66.0975714130675,-66.0975714130675,1000
1888,-96.61215481476015,-96.61215481476015,1000
1889,-161.61426883903954,-161.61426883903954,515
1890,-131.05111796222994,-131.05111796222994,1000
1891,-98.45914624797459,-98.45914624797459,1000
1892,-52.14081264640627,-52.14081264640627,1000
1893,-80.04125082262865,-80.04125082262865,1000
1894,-101.44161841414993,-101.44161841414993,1000
1895,-133.16102842952796,-133.16102842952796,1000
1896,-67.36569342268615,-67.36569342268615,1000
1897,-104.29247559460286,-104.29247559460286,1000
1898,-63.0797673806353,-63.0797673806353,1000
1899,-122.46647495306658,-122.46647495306658,1000
1900,-116.2982876535129,-116.2982876535129,1000
1901,-103.10052825289895,-103.10052825289895,1000
1902,-65.88763052151512,-65.88763052151512,1000
1903,-126.9407559007393,-126.9407559007393,1000
1904,-117.41953885951393,-117.41953885951393,1000
1905,-149.53745664245974,-149.53745664245974,1000
1906,-133.30184372217067,-133.30184372217067,1000
1907,-139.2099456370791,-139.2099456370791,1000
1908,-114.0345662116691,-114.0345662116691,1000
1909,-116.70856705228472,-116.70856705228472,1000
1910,-133.15067980297536,-133.15067980297536,1000
1911,-75.66030458747109,-75.66030458747109,1000
1912,-121.01122094928688,-121.01122094928688,1000
1913,-104.72501424709134,-104.72501424709134,1000
1914,-123.98511644011352,-123.98511644011352,1000
1915,-102.12920583705245,-102.12920583705245,1000
1916,-53.24714868898876,-53.24714868898876,1000
1917,-91.1735666015714,-91.1735666015714,1000
1918,-80.12010819149175,-80.12010819149175,1000
1919,-101.7048613019795,-101.7048613019795,1000
1920,-122.19119009999174,-122.19119009999174,1000
1921,-148.6572420000032,-148.6572420000032,1000
1922,-97.91333651913912,-97.91333651913912,193
1923,-156.75218238169754,-156.75218238169754,1000
1924,-242.54180285897826,-242.54180285897826,993
1925,-147.7425798439583,-147.7425798439583,1000
1926,-124.61159760387757,-124.61159760387757,1000
1927,-144.34117809438183,-144.34117809438183,1000
1928,-131.0722951471603,-131.0722951471603,1000
1929,-121.25167110075849,-121.25167110075849,1000
1930,-238.35239944036206,-238.35239944036206,895
1931,-82.1760751116125,-82.1760751116125,1000
1932,-114.22280701579672,-114.22280701579672,1000
1933,-130.28399078096018,-130.28399078096018,509
1934,-111.2615816717698,-111.2615816717698,1000
1935,-125.56714483038229,-125.56714483038229,401
1936,-95.99639104341162,-95.99639104341162,1000
1937,-113.88014471747726,-113.88014471747726,1000
1938,-141.61975324535527,-141.61975324535527,1000
1939,-142.07969048851146,-142.07969048851146,1000
1940,-195.5753869110893,-195.5753869110893,430
1941,-83.9377193542734,-83.9377193542734,1000
1942,-120.90300414732398,-120.90300414732398,1000
1943,-154.77823391959188,-154.77823391959188,1000
1944,-98.66017480086846,-98.66017480086846,1000
1945,-54.7314739407979,-54.7314739407979,1000
1946,-194.6881858419535,-194.6881858419535,699
1947,-95.34598890752113,-95.34598890752113,1000
1948,-54.110047362527474,-54.110047362527474,1000
1949,-153.26079558991404,-153.26079558991404,372
1950,-167.33679316372044,-167.33679316372044,1000
1951,-94.92754745340869,-94.92754745340869,1000
1952,-128.58822619369175,-128.58822619369175,378
1953,-163.17029815488803,-163.17029815488803,493
1954,-100.1646483689369,-100.1646483689369,1000
1955,-124.06371712578547,-124.06371712578547,1000
1956,-179.62960662795655,-179.62960662795655,699
1957,-142.59733348403557,-142.59733348403557,1000
1958,-136.89700084182783,-136.89700084182783,1000
1959,-173.8041547100529,-173.8041547100529,705
1960,-111.47934343994297,-111.47934343994297,1000
1961,-112.92477967823503,-112.92477967823503,1000
1962,-80.25645827699533,-80.25645827699533,1000
1963,-124.11523739498082,-124.11523739498082,187
1964,-95.5181795466108,-95.5181795466108,1000
1965,-76.1614277571648,-76.1614277571648,1000
1966,-112.97572682337088,-112.97572682337088,181
1967,-89.45720973058604,-89.45720973058604,1000
1968,-170.8426369677697,-170.8426369677697,588
1969,-109.38704616929121,-109.38704616929121,1000
1970,-97.94746124231257,-97.94746124231257,1000
1971,-116.17824679763858,-116.17824679763858,1000
1972,-146.99210463130365,-146.99210463130365,536
1973,-131.1640257592824,-131.1640257592824,1000
1974,-88.54347818821991,-88.54347818821991,1000
1975,-111.13036095791665,-111.13036095791665,1000
1976,-90.98234457107162,-90.98234457107162,1000
1977,-163.81723792560632,-163.81723792560632,611
1978,-109.69507003813088,-109.69507003813088,1000
1979,-87.8144945361079,-87.8144945361079,1000
1980,-139.6519068348771,-139.6519068348771,1000
1981,-115.93586345427055,-115.93586345427055,1000
1982,-122.05171085894716,-122.05171085894716,1000
1983,-119.04151991097574,-119.04151991097574,1000
1984,-119.80040369667742,-119.80040369667742,417
1985,-124.09364023488996,-124.09364023488996,1000
1986,-108.82632556857055,-108.82632556857055,1000
1987,-109.25231850860938,-109.25231850860938,1000
1988,-55.80207490805395,-55.80207490805395,1000
1989,-88.51035683926781,-88.51035683926781,1000
1990,-118.1261772587102,-118.1261772587102,1000
1991,-96.16444264321716,-96.16444264321716,1000
1992,-93.82210212014769,-93.82210212014769,1000
1993,-109.73912688113089,-109.73912688113089,1000
1994,-118.6413044977271,-118.6413044977271,1000
1995,-149.4898426084165,-149.4898426084165,474
1996,-139.51107934118315,-139.51107934118315,250
1997,-97.87170176068938,-97.87170176068938,250
1998,-226.71298151987617,-226.71298151987617,897
1999,-112.51054829543014,-112.51054829543014,1000
2000,-50.22557199794836,-50.22557199794836,1000
