1,-657.2182194850594,-396.32473617078523,94
2,-428.97836614683274,-227.90954135739563,95
3,-869.6889147596062,-515.0306507841736,95
4,-199.52008569270373,-92.74492587600152,71
5,-987.3049020613729,-599.690084458479,171
6,-499.3947419923172,-295.3070296712678,111
7,-281.6136852017045,-138.73196698205754,75
8,-721.8538004499676,-432.5671201175809,151
9,-192.53370727151633,-92.72779598163513,121
10,-820.0569808188081,-495.5366881503942,165
11,-560.5809845978767,-343.94903349972594,99
12,-409.1729258975386,-212.23667522947176,152
13,-243.66688831425273,-105.02628463334867,85
14,-100.66667790503708,-43.98295585563025,64
15,-436.53740706712006,-217.74770205551602,95
16,-228.7678736168146,-96.39805511492023,121
17,-181.72903188928962,-76.37347558842256,97
18,-703.81726467371,-399.8879352041789,87
19,-198.00459729202095,-88.34375940445815,112
20,-655.6396344357731,-377.2880732754752,115
21,-1052.7142640796305,-632.5203151835505,93
22,-624.6152683205904,-350.4592225463337,87
23,-612.8041120326519,-372.9920971292481,118
24,-201.29170078322292,-98.88146351436706,70
25,-480.02890931859616,-295.92086162412613,88
26,-360.20145865797997,-203.0136452876588,93
27,-746.4113965217769,-456.5926673672795,95
28,-754.5564035682378,-502.36959504387056,102
29,-211.41035536080602,-108.1529543615848,76
30,-537.3529326729478,-334.89591343702904,112
31,-493.0213968916985,-280.84770443328375,279
32,-220.2542079097405,-108.60479069974905,96
33,-792.0141142734888,-455.35575446723726,82
34,-391.03338803261516,-215.83348986993875,145
35,-476.3715680914861,-260.07379358415324,142
36,-358.9686447443068,-174.20108307410794,106
37,-160.81015915051103,-81.60869247737966,87
38,-502.1491346061231,-276.10917388346576,207
39,-396.5581552353502,-238.55946312410273,154
40,-342.01490063115955,-187.7105715162782,109
41,-283.93628641668704,-164.34832735541409,110
42,-312.62184858538205,-170.34808628523496,80
43,-346.43357234820724,-165.41628478058595,136
44,-293.71266644477845,-139.53402704021198,94
45,-393.36631435096257,-193.78804217535986,115
46,-196.00320040777325,-72.5868999305638,71
47,-289.9888025411964,-131.44190621040187,122
48,-481.8686346102507,-271.7410326572675,118
49,-140.1716232302785,-37.6909654369765,83
50,-388.0358075451851,-220.9895161558254,107
51,-313.7696239199489,-158.7415697009575,89
52,-328.5978019689023,-185.99024887476833,122
53,-208.9811257273331,-107.98187168572402,93
54,-193.7024500132631,-100.89421518747984,110
55,-217.89103728413585,-111.0275843927185,81
56,-200.8029888370633,-77.15703306296628,69
57,-546.5214430889115,-309.78869593571403,95
58,-400.18802182834594,-209.41020723870236,114
59,-211.96716329060496,-114.36462892008971,122
60,-288.8025490198284,-163.16507848634865,110
61,-138.65327686958017,-63.45754813134395,141
62,-273.4654305246472,-135.0028257725291,100
63,-229.723916310668,-85.66158215450842,98
64,-211.576763094347,-107.52753650075417,123
65,-637.8925462394955,-372.515520315284,127
66,-327.0108136505633,-170.50530420317392,128
67,-407.4279808021895,-208.72338938178518,115
68,-184.71701982945206,-79.42987537065397,143
69,-167.23121358007194,-52.9234222239984,118
70,-383.8256234379113,-204.06853879857994,104
71,-227.36215100002008,-93.43454998491853,115
72,-214.69939811259525,-125.43311372426749,157
73,-590.8577539378405,-392.15143629800855,171
74,-286.5346780318022,-132.26878774847088,105
75,-218.7840887580812,-100.05876519092779,105
76,-434.7937782903016,-224.17374140409663,113
77,-313.72613856822255,-162.67213183676864,83
78,-326.05519123017785,-181.69831166838605,157
79,-433.67331055432567,-261.1769388839514,92
80,-468.52530159994956,-254.1363057092126,142
81,-268.4400406058133,-131.31857148232325,107
82,-142.05945560187104,-37.981748884541844,138
83,-260.1810818436742,-120.4900949371392,77
84,-426.16295511186115,-221.67072684554066,109
85,-709.6938688781858,-423.5376977933263,144
86,-163.5761682698969,-94.24559058597542,93
87,-438.4840676699579,-231.5507890150542,158
88,-484.0959415517003,-314.82658305904675,165
89,-304.18994766421616,-183.17234560001606,109
90,-377.154514261987,-200.74381701649565,170
91,-268.58976995974774,-132.66921647922723,96
92,-276.9064370936155,-127.23825823774995,112
93,-194.97491881698375,-94.97609247631931,89
94,-443.01674554467206,-252.53511585750485,221
95,-318.2348856428266,-162.6480570820923,96
96,-530.2221974954009,-299.83261500269055,112
97,-436.010152644664,-240.6256485675666,156
98,-131.39433071033096,-39.323583655526804,80
99,-602.2740782339131,-350.0999961363175,260
100,-482.9992356652027,-274.04798370588,214
101,-205.21832892391836,-114.99720196513066,135
102,-438.5541787724196,-230.13425133678604,263
103,-557.1401679754257,-286.49604678742116,72
104,-305.8939758973569,-178.13049390739974,136
105,-166.56177388176314,-59.538311365041864,166
106,-465.57153541132817,-294.9840435251823,93
107,-170.79545753320448,-84.28259440264755,111
108,-382.8418223263323,-195.38247961527986,85
109,-229.83169761756432,-132.27868899710018,130
110,-517.6737978091464,-287.6524884562733,210
111,-613.3459953161703,-355.23319555870717,146
112,-434.21279700785874,-268.9057925069251,128
113,-281.84535219818355,-136.99745753267769,84
114,-391.2226659959555,-207.41810083040804,119
115,-322.45069399684667,-141.2052295686371,115
116,-167.88785938678467,-81.06797696401924,110
117,-332.66556122243406,-183.5678714253804,172
118,-582.116089733243,-328.0095762891252,150
119,-388.0371103492379,-204.4363892550699,85
120,-280.1014850243926,-129.30891083829576,105
121,-112.4723879942298,-17.185428582763407,189
122,-476.3970099315047,-249.74636660852448,90
123,-85.4292616929184,-29.79935958339341,129
124,-526.9081501106174,-362.972873146294,140
125,-106.82055541485548,-13.171295172814268,196
126,-203.80582963332537,-87.29417371867427,110
127,-425.8562200364471,-223.69688864380953,207
128,-426.3550349640103,-223.86589673740986,121
129,-344.78602617383,-182.473458534634,173
130,-241.60377007893038,-126.17135232800362,257
131,-225.44117711111906,-120.69423391750428,100
132,-213.01317788109185,-109.32505117445025,235
133,-130.89548107534648,-25.68152850456832,100
134,-134.50919259883466,-51.35047516168627,105
135,-195.79874072469772,-84.35166899365497,129
136,-307.97830040100956,-170.42578258573766,158
137,-319.28348772227764,-142.83859072253185,84
138,-556.9303495627641,-309.45853906301556,121
139,-544.67693479985,-295.45892002111634,152
140,-516.17446525231,-282.0400949834051,114
141,-528.5376326312872,-311.6554012469222,140
142,-194.9073124548794,-88.57880588624343,220
143,-1046.5475591516488,-637.4185353818391,217
144,-737.5891216752862,-437.61644325033916,125
145,-101.26823946603456,-21.509182898820598,107
146,-507.6701353596897,-283.6335547256561,115
147,-173.57848099552098,-83.26478870806174,135
148,-243.32027052432298,-112.40863502702271,162
149,-329.04884634718303,-154.0310767315291,127
150,-193.6474106550962,-96.31738867168073,81
151,-463.7113818142566,-296.9652300163629,326
152,-164.18752958783884,-74.39317666546653,122
153,-555.0661095291376,-301.23473700760076,104
154,-122.65327354498206,-35.7805895131245,162
155,-331.45331652954224,-189.19942589697496,125
156,-178.36537667989734,-73.29069186446256,188
157,-96.72286816222129,-41.70268073807915,146
158,-141.00746314968916,-52.687728982412935,117
159,-110.70687097565272,-23.177990249910124,201
160,-165.48282369822266,-53.507832842311885,236
161,-112.30806225252336,-32.662256417514314,143
162,-436.99338391155027,-235.62262515483246,126
163,-407.08859397813677,-205.96745133331345,97
164,-372.6397293062508,-217.46408549235255,177
165,-198.83226595163347,-94.76096649186469,139
166,-221.32329481124876,-90.7878680017126,159
167,-553.5609663116933,-300.49533344034927,140
168,-631.8677700069546,-390.62318998711714,212
169,-145.79377291262153,-54.88767686322937,163
170,-483.2252282750608,-298.03893233360145,209
171,-495.5146652030945,-262.07240219610816,115
172,-262.61682019531725,-116.00782571947377,97
173,-578.4759006480874,-329.6931895121995,211
174,-190.01552975684405,-87.28043142254816,157
175,-311.4701901835203,-156.12981529210563,98
176,-116.87613991975786,-22.043821805771998,128
177,-72.02489888890882,-3.887314813644977,127
178,-576.5959971548244,-325.30494718001876,173
179,-103.17772906966506,-14.51513448403064,106
180,-137.2317798922956,-40.034546039598084,127
181,47.213332940414205,47.43553667999203,1000
182,-179.73941287189723,-70.35013641054286,96
183,-199.21561002601862,-100.40618506526114,163
184,-84.9569289406389,-6.265679760675567,146
185,-123.44358791917564,-25.480495354076666,182
186,-79.23985748760403,0.821035355042298,187
187,-181.009800144434,-75.13953945627134,88
188,-102.32563694357864,-31.906200612947686,205
189,-207.19367605030544,-92.21135407036036,268
190,-592.1486907987685,-371.1514188981427,389
191,-227.691178496927,-109.2758697645697,163
192,-430.1486666705091,-251.89315260946137,220
193,-161.4502840568125,-40.996186419956985,138
194,-117.04693544976416,-31.967886946091213,171
195,-181.2774632035196,-70.31531240530924,234
196,-143.07909078121185,-45.351293425161074,157
197,-447.2956900832057,-257.733716837854,243
198,-13.05117042794805,-12.694452063114879,1000
199,-402.70351118579504,-210.68545314059836,188
200,-1116.1375880785272,-689.3063832991377,272
201,-796.9488999558987,-487.58471950040564,382
202,-343.12632154176003,-180.08636238274156,310
203,-181.60634342715147,-76.47458857036871,204
204,-375.01971692785594,-199.89701300654997,276
205,-128.0956909841346,-50.258131903072425,245
206,-390.7097543451195,-223.9065502215065,343
207,-89.2112859003245,-0.5332466996420919,157
208,-579.1933724464479,-365.12138667584077,233
209,-838.2611018733685,-505.6095955875367,234
210,-407.40823073655395,-206.06363143342998,185
211,-178.939789264053,-57.72344590059764,332
212,-116.00359604433179,-20.719488841120665,134
213,-419.712367360294,-228.14300154384213,222
214,-282.5371052414179,-139.2604219534762,209
215,-475.2780644655227,-245.2873284830486,194
216,-504.4334200125933,-284.6485632832387,229
217,-320.9780721963942,-144.21518045363675,104
218,-700.5318848675493,-407.46172897058426,193
219,-113.85998262614018,-34.57135054870058,223
220,-131.46883761912585,-28.226366070738223,198
221,-215.03164013013244,-88.45345026719454,187
222,-100.04097395271052,-11.492978875855954,234
223,-543.7916925862431,-284.93080874878103,167
224,-355.162261223048,-187.31621533107295,270
225,-93.1737011000513,3.2309151328077945,123
226,-358.2303870826214,-199.67885007888356,307
227,-184.72014902040365,-70.89472841209667,189
228,-108.09672228232019,-16.479365902924002,196
229,-418.4849695169926,-238.02451603287008,258
230,-570.3754308582844,-326.9526481468785,219
231,-190.15453494295474,-82.60907156200967,200
232,-443.0775790383294,-257.38402353966455,318
233,-261.21805378571145,-125.44631497074029,234
234,-647.3314611947536,-372.64046092483585,160
235,-325.97432023420924,-161.38029939312182,171
236,-219.94040120337158,-103.048907504912,175
237,-52.96742994084954,28.37730871096332,127
238,-34.769313775747946,28.57445706852471,185
239,-85.46672745615243,-0.18703976147425294,123
240,-208.5318278963864,-85.74678804252812,165
241,-365.3366448736842,-201.89524934199562,158
242,-371.12339286759493,-177.7782130338063,152
243,-131.88849240764978,-35.99421608314735,174
244,-508.63165976792567,-308.9817123912161,581
245,-258.4900326051191,-126.32652691578086,155
246,-290.9995564863086,-126.10261370565075,154
247,-357.3953176883607,-192.97373594332697,277
248,-128.90895860724152,-34.82745813812201,188
249,50.653608878104635,47.357246389293124,1000
250,-267.96467773452383,-143.75311393937739,607
251,-109.37704922713337,-21.79991473141888,169
252,-111.2917459284793,-19.51614225462491,167
253,-23.591870537567896,-22.805449162972895,1000
254,-21.268143738452352,37.9109363157726,246
255,-80.87033072888846,-3.6001176269065525,149
256,-111.62110738959156,-26.80522299112259,167
257,-273.50162897512314,-119.85755530872078,168
258,-318.71833301305765,-153.76092767340302,305
259,-934.5373939469457,-558.396936611173,195
260,-55.08308880783609,19.4868735936019,142
261,-250.2866628807038,-130.606207095846,209
262,-165.2146849645674,-48.63720509679359,195
263,-153.25516284704213,-39.46523534067054,146
264,-272.01442077368495,-113.50515662888961,192
265,-361.88999930784087,-211.43005496069526,543
266,-129.42937099605797,-35.23416718791414,230
267,-382.0564045792073,-222.73794856292466,448
268,-4.790437614172505,-5.26790147526041,1000
269,-239.5385218834876,-99.56195293295382,205
270,23.669584871680165,24.07554766864321,1000
271,-158.73773453913628,-64.88082746555257,355
272,-221.2870170549675,-117.23680849270792,226
273,-450.7643504365161,-265.4671221912896,286
274,-180.46269280761481,-66.15686097523115,228
275,-188.0675518548489,-67.87807505032043,110
276,-480.78370851829703,-310.411204242338,533
277,-9.034727400838985,-8.4145896300911,1000
278,-487.0776234777088,-281.3074946163841,297
279,-195.53829201959078,-82.52052497426776,369
280,11.723289271593307,9.487434672443653,1000
281,-284.61283387441176,-146.27741762784223,248
282,-101.10164733648288,-12.791472202931516,240
283,47.201551529317825,46.914021018384595,1000
284,-109.28706583516657,-17.053708469400988,186
285,16.517944465130718,17.82396522127276,1000
286,-97.79360677659488,-24.247977723323714,388
287,-251.26058071807026,-106.1437959106136,237
288,-472.57226584523914,-269.5246874661366,259
289,-157.20843902513383,-44.65843575342247,217
290,-381.24499475598327,-205.42941043041404,347
291,-235.55690753731875,-110.38454457033377,219
292,-207.73399615101505,-102.55655689015695,317
293,-339.09856120586386,-177.70284045449364,499
294,-306.1871696931123,-165.19223793047513,260
295,-242.3815757749229,-150.4321269349735,829
296,-197.66476710483414,-87.32155317132236,265
297,-448.2421336453408,-246.1660532235453,296
298,-46.27243529975419,19.22797195339004,381
299,-376.06642358407373,-192.45915030247488,233
300,-421.84948773652343,-255.06670520770555,367
301,-217.32511701859548,-103.673286922631,356
302,-203.8460256323961,-95.74425114110204,398
303,-176.17590341220614,-73.05771329825097,289
304,-451.355090759061,-258.3887567557863,394
305,-351.40449343904845,-198.00890952765286,457
306,-258.6283725407719,-103.0153654294404,184
307,-123.3409642755054,-37.45213643794213,184
308,-369.91042666286216,-206.64328755177087,458
309,-0.8481906136867272,1.3996968855137748,1000
310,-199.02992219796573,-84.36715805556085,208
311,-19.70922753348927,-20.333426804050298,1000
312,-6.655573110580955,-7.32350093366723,1000
313,-490.6219482364507,-291.84223138996447,354
314,-289.6353774082661,-152.3885966997878,496
315,-482.4753484968841,-272.9804188500224,208
316,-25.836969365850273,-27.571355141034964,1000
317,-65.44310599818792,8.135803859565428,382
318,-74.72359142601492,8.95149060705208,198
319,-772.0233131118862,-483.6856576533107,318
320,-616.7459570365402,-406.15589461235254,797
321,-109.48662671312685,-109.64915716939193,1000
322,-408.4980886096507,-234.59741129259822,373
323,-13.040875903218808,-12.575441270671291,1000
324,-292.0401089949906,-126.28664799791468,149
325,-366.8213153602927,-209.1229823529074,226
326,-75.56286379128687,21.895631781026708,119
327,56.85649188734601,57.93078866888658,1000
328,-90.12395475298169,-16.72914997265498,167
329,-76.28260522991413,9.396639188915671,150
330,-122.18533768668766,-33.082049052393046,200
331,7.202175329546914,8.933681979509876,1000
332,-364.1850472261755,-221.54304855268987,577
333,-475.5872022804615,-300.4993582061319,955
334,-408.242676916793,-236.14649860319486,395
335,-148.31239329090337,-58.30391318884274,248
336,-284.69300176903596,-131.60870279334782,186
337,-37.78353654466546,-36.679050704101634,1000
338,-122.67590731888994,-24.015565007429217,264
339,-397.9206997707484,-220.6337022179601,556
340,-595.4853694146872,-355.0104647197966,223
341,-289.979876909256,-134.2075547197452,267
342,-151.50575526610018,-40.996254759702566,258
343,-509.79292788892985,-294.13067614091716,408
344,-435.24422654062516,-240.82426740311254,395
345,-443.603427420668,-282.5362478882368,652
346,-152.75525265187014,-150.46772822264134,1000
347,-457.7040389426049,-274.8005303279357,624
348,-29.249946729540564,-27.75715364342191,1000
349,3.414325910210631,4.431171340219071,1000
350,-51.12848677001854,-47.25209321696285,1000
351,-455.1449192804099,-298.38362831887747,898
352,-17.43751878902281,-16.659581181329735,1000
353,0.3997347964349993,1.222440780142649,1000
354,-170.202932125032,-62.2544371316635,209
355,-201.95448244899512,-90.75354343476212,340
356,-666.1110982578991,-387.47164559254253,306
357,28.27314681857857,26.801345464663925,1000
358,-137.53254847720268,-41.94261139709556,273
359,-356.4100550450386,-186.55119109276512,307
360,-356.45034746401086,-214.6429945047443,603
361,-495.07466412365443,-300.7209816469447,538
362,-450.71265467092394,-266.44173252558977,515
363,-108.54507641650717,-109.58513850493787,1000
364,-50.368598652854246,-50.04159870326062,1000
365,-29.61976755827646,-31.2839518912407,1000
366,-91.66722461163971,-5.223186747481122,387
367,-82.95146320570244,-80.76781007960152,1000
368,-233.70141419991856,-104.5114706288753,324
369,-63.29351824685922,10.768203466924376,234
370,-312.8198989154399,-152.30830252826928,327
371,-363.243701391667,-216.33151809324073,824
372,-449.96522615313523,-254.66459283389406,477
373,-245.56853827714914,-105.85012812371907,272
374,-309.0680931533499,-158.15711503273118,388
375,-14.936179010718416,-13.294851143045506,1000
376,-449.3491471119622,-285.938386465206,604
377,-729.7044668134322,-465.52258979977734,610
378,-93.72446933440848,3.307704280599424,289
379,-490.17406623408203,-293.00031828266583,381
380,-464.3177005453965,-287.2355966385211,594
381,-449.6823238077758,-242.10243569752174,252
382,-511.06820250004523,-283.3126024573021,318
383,-14.299415210038095,-13.113248909109746,1000
384,-99.84272279851108,-100.8970951333339,1000
385,-142.41036022953693,-48.45846550184608,224
386,45.693241990172055,47.44074993625554,1000
387,-388.2587325018644,-204.31839572082833,380
388,-18.923900543302086,-14.550595709545888,1000
389,-321.33449163719973,-182.52558674683937,550
390,-129.85824071764944,-24.909008852884085,185
391,-11.733178304582252,-14.670426504140067,1000
392,-161.51665327921498,-52.81391935274058,312
393,21.450122603476252,22.501029025378564,1000
394,-290.9971471299976,-182.71769820658477,809
395,0.5388580943647796,0.5206861492549806,1000
396,-55.38137408745014,-52.10413203656192,1000
397,-41.89693867504579,-39.930880658922035,1000
398,-170.19708573322757,-84.06250909960485,451
399,-457.85938419759276,-257.1499895371729,317
400,-138.83769634231922,-37.42747771313266,270
401,-485.1196016126871,-298.18028588907293,858
402,-470.9006257800013,-266.8510413141438,380
403,-488.47552637889953,-292.0651116589401,424
404,-863.755294208387,-546.0165760556954,394
405,54.08921747118296,51.11603266412057,1000
406,-515.1791450032591,-307.48582536575896,393
407,-92.93237248226988,-8.81913344737417,362
408,-129.77955732642675,-45.707650189702576,354
409,-139.00960317522282,-19.502801865862537,160
410,-249.54758826769884,-123.18528090310464,285
411,-629.9728940998019,-398.39977165990325,719
412,-75.93917298017074,-75.77365420182757,1000
413,-173.32714919298883,-70.95916570284042,254
414,-84.47134701058253,-82.53136686407007,1000
415,-25.604665426015895,-24.645781506503504,1000
416,-9.728192960470679,-6.358284928986718,1000
417,-84.97856302320926,-84.07569798565495,1000
418,-13.870154321938182,-12.877434288415651,1000
419,-12.33536756858214,-11.638913991210377,1000
420,-326.2682682620361,-200.73274495246716,629
421,-324.0066299597918,-185.90901061900894,632
422,-392.7378482964632,-215.78519634329177,445
423,5.930896863043405,6.4448352094939105,1000
424,39.14510223247112,39.00592451392426,1000
425,-267.86902987390755,-123.74212139037581,183
426,4.723182908967416,5.922649267446812,1000
427,59.907337710558295,60.70266880048464,1000
428,39.235805492995354,41.14002258502836,1000
429,52.74605160951616,52.97203710813984,1000
430,-51.6528057990968,19.351176608020694,185
431,-15.52518060803402,48.57190671756004,295
432,-18.77503205187642,-21.6281656839764,1000
433,-9.61722547367212,-10.336828276599226,1000
434,33.843945984691935,33.91121125555274,1000
435,-29.239622734486705,-30.148654505371045,1000
436,-18.627479657642237,-16.260776139781893,1000
437,-319.3619209384919,-172.11615224529407,511
438,30.0251536992194,29.356735812380286,1000
439,-291.5494983988999,-142.43850103891745,300
440,-0.9243859577919715,-2.634589137509186,1000
441,-160.73213791109794,-158.86154522972598,1000
442,-6.179096320420249,-5.177939190626306,1000
443,12.15072186850049,16.344292856262165,1000
444,-422.0618643087148,-208.36182034792603,196
445,-60.36212509512872,18.64467042128041,371
446,-7.451358915120239,-5.541157190356976,1000
447,24.13692628465594,23.189240327683795,1000
448,36.81547124728634,37.62629504396637,1000
449,30.912635019421906,31.969390112535343,1000
450,6.41886145956806,5.693548860179757,1000
451,7.994386095181194,9.288857085221208,1000
452,-70.95199329726384,-73.43635676553345,1000
453,-3.933662736415733,-3.9745190941180786,1000
454,24.706951214596767,28.649369334311018,1000
455,43.02968139547857,44.89379433923777,1000
456,18.762870559678387,21.11064752337128,1000
457,51.62678906230265,53.745059288113744,1000
458,-23.029512657075998,41.649192572793254,244
459,-100.53842609182,-28.63025658204539,297
460,-43.04151144556681,20.018813200511588,285
461,-367.1492427383364,-202.25179694037877,510
462,11.492888914812445,13.164463376841693,1000
463,-7.687455664873309,-3.1537035605030255,1000
464,-174.66478556856833,-173.85677359383953,1000
465,28.050848067924402,27.00192113044479,1000
466,71.63704748879985,70.01296319464952,1000
467,10.08338812664094,10.747800789344065,1000
468,7.117436219305173,7.783669824442949,1000
469,51.798088546842564,52.0995834839762,1000
470,-132.02567928900945,-57.33446663002009,283
471,-74.25506480991834,-3.9102946096896005,363
472,134.1598086409995,134.48225937312145,1000
473,-131.6243941070885,-55.35893395937478,406
474,90.26663811510333,90.78083308383302,1000
475,-57.420870956927516,15.959012157912156,255
476,44.89042546533956,45.30338999884476,1000
477,-0.27035613752921606,1.715023385505333,1000
478,-74.97856503032136,3.330878960494857,240
479,-101.71967190384858,-26.328240043577978,236
480,-53.66042490527029,12.66626924846814,225
481,-74.0873846939205,11.01467418271423,192
482,74.16744252834363,74.55467671602848,1000
483,108.31031080752516,108.67328375101033,1000
484,81.13057027362274,82.73270148810099,1000
485,72.76394821932512,74.27029561983483,1000
486,169.77385547702954,169.69553919143462,1000
487,-77.49554582640522,5.816828024113903,222
488,-89.18987690851075,-9.843079430695227,308
489,-78.60672539109372,-1.7880721160763784,269
490,343.8499260079999,144.77835353148905,579
491,-179.60589162468915,-85.06706865528298,383
492,296.7850297834445,97.39038235792412,694
493,-217.8771743121742,-83.19807068591638,260
494,382.9558259551692,184.24476610731838,483
495,-118.89287241369468,-29.78674555853827,322
496,406.2678628106321,205.05275187601367,541
497,50.14280190862678,50.27697656722067,1000
498,-221.87100205183037,-114.18292388646768,342
499,376.59256621876716,179.85633150830614,503
500,-150.3195076824723,-62.88028386300637,327
501,-252.94882753908615,-106.42303205445675,399
502,288.7385512479443,88.94609056544222,937
503,-818.6877018460573,-817.0493262399281,1000
504,-596.8319638669465,-597.0115433505509,1000
505,-268.01833523377763,-141.6621317323718,729
506,321.09278599152816,122.09028908955035,685
507,352.03720287613106,153.3178679772314,804
508,-73.16047732002977,-70.88458271015209,1000
509,333.6520163263293,133.92364561289978,779
510,-48.59293770253652,18.681816877298985,357
511,255.064241022272,56.343114168736946,897
512,373.5359517946953,174.6426208708737,921
513,-153.80406333927073,-64.28139559508085,390
514,-262.51507881194345,-117.24630892416845,407
515,-105.10046766240076,-106.70357303786918,1000
516,-41.066287215351934,29.506443145289893,316
517,418.61612891819357,219.67388999096147,640
518,-34.98881660044173,-33.53129231825237,1000
519,-548.3316815053282,-546.8019828470206,1000
520,337.84072078733215,138.69053752303728,933
521,-93.73070674668985,-91.50511791593371,1000
522,332.29363285186685,132.54576951775567,785
523,-484.9225055280324,-483.2681160794937,1000
524,-56.73428200978101,-54.98351133800905,1000
525,-156.369204663783,-155.73216513482637,1000
526,-357.47195070169846,-205.80640065533058,687
527,399.6334376383717,200.25049649881487,581
528,330.81366307340136,135.86664197073998,537
529,408.5508871133326,208.25143608043783,558
530,-186.0343720056111,-122.49585542181069,939
531,411.92013718570144,212.1809746551366,540
532,378.95001023372623,180.74920751012434,576
533,-102.84413701877016,-29.840825150968712,603
534,-429.0981723021532,-267.06160895006155,693
535,268.1476364262559,64.79533372798028,782
536,-141.23469479054177,-56.364157260530035,457
537,-480.47372107008493,-304.6766826554434,863
538,372.3483972007319,172.05918379899882,599
539,-169.88283045157846,-172.95515592571203,1000
540,365.40206476114844,166.15593801001495,756
541,-150.97501001864669,-66.99747302993802,684
542,-346.40368563279486,-197.62668555775832,687
543,-124.62885595001272,-47.632276318707184,494
544,310.68346903194464,114.94070344524357,673
545,-64.41856274530254,6.280228824156964,413
546,-213.83488475516637,-212.62088461611495,1000
547,350.69134872206513,151.2442799191447,675
548,-123.7560169829801,-49.34719859579689,476
549,269.26948809193885,71.38224990017046,867
550,270.06620408951983,72.37700920493505,779
551,-2.2787813620519444,53.59972721163837,322
552,461.6928125217652,262.5713955957867,352
553,269.7498722068171,68.14558271609454,902
554,-66.90767089588772,-66.34603860382019,1000
555,-88.08019039779856,-86.5076717636403,1000
556,-206.469762546273,-205.54518768147568,1000
557,-22.66277818349205,-23.07083360210354,1000
558,-107.15691875204423,-11.769407901933803,267
559,-151.3486711262165,-64.43000942768192,655
560,-118.96172889292227,-119.4414883917947,1000
561,-149.07056830283216,-147.17381513148536,1000
562,315.1714057333207,115.84787520741324,804
563,215.51743739513591,19.90485058222268,891
564,324.13570850205593,125.02852298308463,798
565,278.14109800063983,79.56513601449865,815
566,319.18232570253576,121.65705315750486,656
567,-194.07986231766643,-110.55340545408919,859
568,-132.02767382867665,-131.61321350316584,1000
569,-119.31957655545293,-122.06367408329137,1000
570,413.41022568353,215.09176469828424,424
571,-70.73898610651449,-70.31917100705631,1000
572,-20.151703169792977,-19.43683784419227,1000
573,-115.7281330518418,-114.08952897788215,1000
574,-128.93797740772348,-127.07743565696141,1000
575,-55.729370321482364,-51.95004611625832,1000
576,-75.22324827536909,-74.40169821070396,1000
577,-74.98890020877045,-74.48113252992871,1000
578,-494.6353548808401,-324.2831044214184,963
579,279.95495263178,80.02161513828881,917
580,370.72149727496367,172.8792920057001,859
581,58.68684559658263,59.44705064491307,1000
582,386.61906662841295,188.20361082208262,484
583,-16.416300240308328,-15.662859690743653,1000
584,330.04007231001736,130.082266424297,675
585,368.2995457348491,171.5127072216933,672
586,-72.52266856998133,-71.45401068243552,1000
587,-60.25983365073824,-59.23094610852628,1000
588,-46.86083644675061,-45.13217527694149,1000
589,-73.36959736175854,-71.63293189158743,1000
590,-102.95677390295943,-99.22943326616891,1000
591,381.95554619020834,182.50793687736626,724
592,-17.123644117563693,-14.72077250743538,1000
593,-82.80947228729647,-81.05451848448777,1000
594,310.08096071108963,110.96682876955907,785
595,-17.87529809622128,-14.065691449272684,1000
596,19.520373019203866,19.686864082032756,1000
597,-30.37058071702739,-29.231393002467065,1000
598,-9.063133688270224,-8.323848480804749,1000
599,-13.75297381013644,-12.66875741722639,1000
600,377.46121981747643,178.00842911431545,881
601,289.61766391613355,90.27695955313479,925
602,-46.720105881951426,-44.671365882772875,1000
603,-105.7828467844422,-106.4468328472294,1000
604,-179.68529609617036,-178.461179366802,1000
605,-92.92958266302912,-92.96737360339436,1000
606,348.8754962990158,148.9677508148899,885
607,275.7753815685164,74.12675005188915,844
608,-57.94920443292675,-56.36658861691119,1000
609,-197.44225655868647,-112.85986881447113,812
610,-23.839639650136277,-23.402208074548852,1000
611,-236.1173004439469,-135.48708084233127,864
612,-88.66973822206205,-88.508916691404,1000
613,-138.89413441948653,-137.69390488739944,1000
614,-57.75204342566431,-56.674675314076616,1000
615,327.39850796612944,128.11045514953867,890
616,-49.983087390661254,-50.08918022025523,1000
617,8.3591159296039,9.382965083139661,1000
618,-16.780435735881362,-16.0567435103708,1000
619,-92.39862112846166,-90.71779893462056,1000
620,-113.55715988399382,-111.17341893191984,1000
621,-32.72932199731483,-31.562365508149448,1000
622,-81.69202955722778,-81.59607809090338,1000
623,-55.14523430933197,-54.30242711229395,1000
624,-12.235893178731008,-11.927082910900342,1000
625,-55.955914041325,-55.03035469822581,1000
626,-19.285266999155247,-18.875486460667425,1000
627,-136.8744823427498,-70.82360674003922,833
628,-56.602128336429345,-54.66997110602842,1000
629,-92.17482819110118,-91.60173542290862,1000
630,-52.51542556226251,-51.582997817954414,1000
631,383.7188146466298,181.43364082795821,614
632,307.4544288546358,108.78954221419156,845
633,408.34755211170943,211.1312934421373,486
634,-269.98702657364316,-164.7662552532325,894
635,334.15961802639094,134.11347301058896,819
636,-314.698027335107,-164.8444018552209,724
637,289.6112135040856,90.55218763036083,965
638,-15.660900447964206,-14.048526120663178,1000
639,19.467948124856434,20.35950575721467,1000
640,-68.90005248256004,-67.25244437275643,1000
641,-120.69164120322027,-118.09086887453013,1000
642,302.81260927071855,103.37485039634151,952
643,-60.98543459922063,-56.75248217556098,1000
644,-209.60985085744377,-130.61991963697875,888
645,-32.02788290247342,-30.613824569719647,1000
646,-48.793797899186764,-48.329228464728985,1000
647,-22.12838615030033,-21.19212716707395,1000
648,-76.93261107519228,-75.68941901301021,1000
649,-65.14984029088129,-63.113995817301316,1000
650,-102.08555365229006,-100.31538208286582,1000
651,-152.33311685700951,-149.92635388542973,1000
652,-118.73917824227321,-116.64269687750009,1000
653,-57.219485648274215,-56.59755763516034,1000
654,-21.15940760567781,-19.15061927048802,1000
655,-4.953967313021041,-5.517903310208096,1000
656,-30.108107023537027,-25.260013698895836,1000
657,-61.58469491869204,-61.13008152051336,1000
658,-130.78159964859444,-129.77568134714727,1000
659,-75.69278694761401,-73.31646703918491,1000
660,-29.88807287879294,-30.198562132597914,1000
661,365.4220897069205,168.326939677626,609
662,-39.32258718956273,-37.3466964392073,1000
663,330.46172746258617,130.81860172843278,831
664,-249.32636739298707,-145.61920070121664,839
665,-85.08681138962484,-83.94857073074043,1000
666,-57.10751517154279,-54.85505240561018,1000
667,-72.15503924209627,-70.39607861585262,1000
668,-18.8630299053717,-16.930643542733215,1000
669,-8.15324376366996,-6.533369771424449,1000
670,-21.76672084778472,-21.205059920706624,1000
671,287.67366427755974,87.9449850000712,993
672,-105.23596667841075,-104.82295049769225,1000
673,-413.25441302344166,-250.27637998679498,978
674,-69.7090459123254,-67.44401301740457,1000
675,-31.227844825238087,-29.06338615138814,1000
676,-87.14229183318042,-89.23306787476386,1000
677,-105.4675388177012,-103.60734889429204,1000
678,-61.95084966957543,-61.32535612493487,1000
679,-70.05674040853943,-69.56007693052443,1000
680,-3.236758080050334,-2.1159808640624633,1000
681,-91.31237050600318,-90.65347875336818,1000
682,-17.494572723358758,-14.378808510764213,1000
683,-43.463764594495245,-42.544491887018175,1000
684,-92.52952775478333,-91.49884330826268,1000
685,-133.60986418545224,-131.91139294203097,1000
686,-99.15931004879967,-97.79648570209484,1000
687,-36.311820955723846,-35.6345455301032,1000
688,-47.47107147365809,-46.141827865438096,1000
689,385.05334631841686,185.42412896760146,676
690,43.43141083348574,42.92193452596729,1000
691,-22.245004789083787,-21.47090290963562,1000
692,-220.6341454599049,-106.82753323157407,749
693,324.4339394789939,125.25870633349916,903
694,-45.24664120212184,-44.971161070503655,1000
695,351.7892397445374,152.82170322791407,832
696,-86.08736619352378,-84.02860799514,1000
697,-31.172686855494966,-31.197806592299152,1000
698,-249.872541089656,-249.16685034161958,1000
699,-137.98163888324044,-136.08716529365577,1000
700,-193.26888132564883,-191.33051690161366,1000
701,-77.336590031832,-76.49562095875677,1000
702,-46.536207404583614,-45.54349074003763,1000
703,-88.67597635850257,-88.88474769662238,1000
704,-29.79214222319417,-26.73799979103334,1000
705,-18.58549457862941,-18.230464401247797,1000
706,-51.16390819880161,-51.018104285218094,1000
707,-39.36885139342327,-38.33439418082658,1000
708,-19.9588071279975,-17.747652394735837,1000
709,-45.55851374529296,-44.22098741831795,1000
710,-6.11597999557831,-5.25043820943502,1000
711,-46.19332799769949,-45.16370993546029,1000
712,4.41400763362699,4.289617792577988,1000
713,-54.61170360729133,-54.00581218981384,1000
714,-10.052458038571945,-9.554043764903977,1000
715,-128.08754252602324,-125.83532304094662,1000
716,-48.52266227975508,-47.37254580034861,1000
717,49.25366052180603,49.73981386685294,1000
718,-7.801460530012707,-7.178510120117001,1000
719,-51.99692341491574,-51.68499968745476,1000
720,-15.430595400333416,-13.392145788869112,1000
721,36.40425230518042,38.3666119165775,1000
722,-28.673853246867292,-25.73360428535175,1000
723,61.73420551309417,61.95083253184728,1000
724,-19.442606757282597,-18.813449819980008,1000
725,-92.64843631863558,-92.85713793077994,1000
726,-126.19913426406623,-124.60496251918988,1000
727,-46.62157260581843,-44.383123682530076,1000
728,-43.275301615297536,-40.94535501103058,1000
729,28.262322424427538,28.126200960296984,1000
730,7.777121801264945,8.801833109487003,1000
731,-28.64711261339444,-27.40304487195452,1000
732,-8.876953753698803,-6.600473777678057,1000
733,-64.76196132644992,-63.35348553697166,1000
734,-49.09401739656879,-48.836913448783704,1000
735,-73.68981775134763,-73.52203864032826,1000
736,-109.19150297477775,-107.54589113638934,1000
737,-46.85201011374577,-46.31087504422786,1000
738,-46.61992778141066,-45.09176337061905,1000
739,-53.306040028482684,-52.459374944338556,1000
740,-19.381328229158946,-19.24381304287829,1000
741,-90.79367118969512,-93.7487235050777,1000
742,-49.70193278744799,-51.037629408511606,1000
743,-22.602739658952007,-22.16497874358188,1000
744,-67.01700729533994,-67.17492647785927,1000
745,-98.20782636707592,-95.85676034637774,1000
746,-91.21605673830926,-87.91278857710043,1000
747,-22.80998073369286,-21.418901868999022,1000
748,-43.20276052519696,-42.97053840627708,1000
749,-18.239029003232382,-16.901290585905098,1000
750,44.85896705207951,46.37974932743203,1000
751,3.8811052809839794,5.757505365450654,1000
752,5.722332317120958,5.092980138193251,1000
753,-18.61008775711049,-19.179694376089994,1000
754,-26.810238348506694,-25.475571668177558,1000
755,-72.22432223349816,-70.8265841497931,1000
756,-12.52121164590092,-11.312466378936676,1000
757,-42.96160326912982,-41.76873215216728,1000
758,-59.41519041329606,-57.68101930157934,1000
759,16.736610030830434,17.580652165914753,1000
760,-8.926578629911246,-7.51500250302463,1000
761,379.31638440063745,179.51749637573494,1000
762,22.224335579332255,22.9400483089049,1000
763,-47.52405844874702,-46.25732235075946,1000
764,-70.91140609845489,-70.03466867013479,1000
765,-90.79743427216944,-88.827555164815,1000
766,-53.26487407773712,-51.22991076036763,1000
767,-47.04982428429641,-44.8402637649566,1000
768,-95.17780976388575,-92.95478085591645,1000
769,-34.803091820478514,-34.52917839583638,1000
770,-91.49935946986034,-91.81536583964007,1000
771,-56.10620829239483,-54.248331345646456,1000
772,-10.955976882576493,-10.861296226400228,1000
773,-152.15257748171737,-151.64442681434744,1000
774,-73.95059633269877,-70.88107425234435,1000
775,-55.255096698701436,-53.95479875989909,1000
776,-50.11687578268344,-49.29180975035958,1000
777,344.77397352254076,146.70432546209054,852
778,-6.526037998013353,-3.449616890834358,1000
779,-58.13969899503489,-60.10828332186326,1000
780,-100.06275100693064,-97.60717828540389,1000
781,-20.417693320065467,-19.670822143880162,1000
782,-85.97194630108727,-85.11197028495452,1000
783,-81.12376284271463,-79.73016095514981,1000
784,-94.728242427762,-92.44520287088477,1000
785,-53.89303770460161,-52.31554133571649,1000
786,-44.034939654469376,-43.993792838352235,1000
787,-68.28744867950655,-68.34020194907676,1000
788,-51.013034153431306,-50.85021213610963,1000
789,234.56129738827258,38.57439794996691,929
790,-86.98577569792006,-86.90504506848013,1000
791,-59.40291660130016,-59.44752363440981,1000
792,-61.48722483485906,-61.09560672338321,1000
793,-74.60006502106759,-73.91688244137899,1000
794,-34.99346343666309,-31.96534681288417,1000
795,-65.9534631367026,-62.444254992204385,1000
796,-48.744732638998094,-45.51458659215059,1000
797,-50.87629689063881,-48.50080590471518,1000
798,-15.0342890147863,-14.669745253678439,1000
799,-59.346474478095814,-57.77363514742555,1000
800,-104.82085316371123,-99.80794949663934,1000
801,-101.97099510520647,-101.96424609660166,1000
802,-99.91202443167536,-97.33104024792362,1000
803,-27.308945468663772,-25.305018768464603,1000
804,-76.36006738118803,-78.18081190897077,1000
805,-49.575319420546144,-48.07374752671463,1000
806,-18.80384037598949,-18.05187719235682,1000
807,-73.1334165152905,-71.75203625982714,1000
808,-33.66445066079499,-33.20933266667084,1000
809,-20.783492492287895,-20.461781984171303,1000
810,-26.974375664889923,-26.01183934196241,1000
811,-56.68646227620535,-59.298616416232264,1000
812,-48.697538127005075,-46.37493584708507,1000
813,-36.075048099607315,-32.825205703775886,1000
814,-48.55056656800212,-46.40495086311192,1000
815,-29.267362213097496,-27.67896356759494,1000
816,-64.27055570606112,-62.38275018918847,1000
817,-33.67753114745051,-32.38285649654619,1000
818,-55.29219489678732,-53.81764607298334,1000
819,-65.78494581341722,-65.60893691012868,1000
820,-119.56545496571755,-118.64146900578244,1000
821,-47.0161910672484,-46.373967588433054,1000
822,-66.11620050117338,-65.78978411848706,1000
823,-61.134694076310836,-58.06392980842345,1000
824,-50.77192439258103,-50.300212414108664,1000
825,-23.4133506350216,-21.29898904711036,1000
826,-118.53387715697217,-121.05631090412277,1000
827,-103.6680113876239,-101.2194117310371,1000
828,-117.77858896430523,-115.71967696043302,1000
829,-64.98222756594376,-65.17704276223049,1000
830,-113.80104438804041,-113.08785880386209,1000
831,-23.849420642703507,-23.32500535547846,1000
832,-76.17827391160641,-74.37363531157382,1000
833,-49.02061905398969,-47.707265611669044,1000
834,-150.2517824728794,-149.91450625387043,1000
835,-125.32728739455294,-123.67262052092936,1000
836,-78.20108201831565,-75.53240121006272,1000
837,-61.31029384508713,-59.364246554449586,1000
838,-46.536162794269394,-44.57291957397213,1000
839,-96.52621024731508,-95.18187549123085,1000
840,-109.88911211192551,-109.51725952198397,1000
841,-75.76517602562879,-75.34457889012855,1000
842,-100.17013294815982,-100.22327893199015,1000
843,-74.79790131472029,-73.79756536675345,1000
844,-95.37684051972175,-93.31158987400785,1000
845,-40.9774928870608,-36.43632881304977,1000
846,-86.88318298585698,-85.70334311583905,1000
847,-141.5924087929538,-137.2045801761265,1000
848,-60.38081830620763,-59.240551967171164,1000
849,-102.66921431090641,-101.23798307267346,1000
850,-51.859668088257266,-50.437283943108795,1000
851,-33.937294496446945,-32.30317660735894,1000
852,-54.03665726795802,-53.71132926748753,1000
853,-75.534837003797,-73.81178007674896,1000
854,-75.54007770016771,-74.84952530125614,1000
855,-86.90449908133554,-85.03295100830012,1000
856,-73.98107250280661,-72.48263305213585,1000
857,-48.30725706458086,-48.439962474653655,1000
858,-112.93280734429057,-114.72921266026063,1000
859,-97.80630841284956,-96.39096014277779,1000
860,-147.96436229860436,-145.64810176008137,1000
861,-115.29972976259842,-113.4698425149437,1000
862,-69.33286341376582,-68.00235638621591,1000
863,-51.01716023892116,-50.845796142440406,1000
864,-108.56632042363232,-108.01709158030737,1000
865,-155.86560796395014,-154.58338287902123,1000
866,-110.41594568327024,-108.87844400289552,1000
867,-93.92221790276426,-94.37044219837131,1000
868,-92.72627169467475,-96.17157180968735,1000
869,-53.17949339292924,-51.77606032764719,1000
870,-96.83205968640684,-94.03291008324874,1000
871,-160.30559262387516,-159.29549617615953,1000
872,-104.4364897855365,-103.62594239038854,1000
873,-68.59156624779067,-67.69503067212378,1000
874,-79.09413713088219,-76.86618298604938,1000
875,-83.26923287935536,-82.3342806142598,1000
876,-84.31558961026349,-82.80971307567458,1000
877,-72.49068860113594,-72.20802817180075,1000
878,-33.03939791664475,-33.05395665735962,1000
879,-62.26941974222635,-62.09612104674366,1000
880,-75.11285845430525,-71.21651615721275,1000
881,-16.321381554156154,-13.563343970656259,1000
882,-57.07955140091499,-55.71106685825542,1000
883,-68.32608449622971,-66.73341390256675,1000
884,-97.67181303165938,-95.1699797613272,1000
885,-91.42976464621688,-89.7794934612566,1000
886,-95.63779715627399,-94.94315801444871,1000
887,-98.30493700981107,-98.01779597526219,1000
888,-38.26236242592318,-37.4046619097624,1000
889,-62.57044555790728,-60.85959458871514,1000
890,-35.434981723725336,-35.18061066770245,1000
891,-96.56749328063043,-93.98283899648052,1000
892,-82.10178246654556,-81.64076532819213,1000
893,-53.767902233973025,-51.94928812034985,1000
894,-89.24905368776946,-87.2009685592665,1000
895,-62.58774273835081,-61.710076777772414,1000
896,-39.471434112787016,-39.05338591033042,1000
897,-64.92490179553602,-63.81623528279465,1000
898,-82.93507685869893,-81.76135347864383,1000
899,-107.20677902661205,-107.2833626701886,1000
900,-129.4453881884453,-127.29834742082346,1000
901,-79.4276635757086,-77.62669131384438,1000
902,-52.45423457831124,-52.173360557316215,1000
903,8.13105291724285,9.997502332729168,1000
904,-74.50977277204358,-73.15162559160457,1000
905,-74.36334174260485,-72.8612034208273,1000
906,-60.528822051435654,-60.32221492905644,1000
907,-66.83303073344729,-64.1163510856056,1000
908,-62.719496298879285,-61.960323390877214,1000
909,-96.20871360082124,-93.94184158795885,1000
910,-69.89536088710616,-67.9950619278198,1000
911,-65.68917037621137,-66.01638389232282,1000
912,-67.29260443247037,-64.85637438305554,1000
913,-101.74551824994337,-103.33496450271609,1000
914,-76.32623490601749,-73.44216935323506,1000
915,-47.251177825033515,-47.238412974849396,1000
916,-101.95086460508364,-100.8958405859016,1000
917,-83.10774186991138,-81.5928296242772,1000
918,-124.07915357164981,-122.68118859575553,1000
919,-25.711102883964337,-25.39077177774503,1000
920,-96.43355618134098,-94.75257107761459,1000
921,-56.65754674613449,-56.10485806247559,1000
922,-81.84564224354894,-80.08061602348013,1000
923,-104.9207666251991,-103.06141115284795,1000
924,-90.20442845225314,-88.9626315309422,1000
925,-103.87350112866552,-101.67276763999062,1000
926,-56.15169293433412,-56.5098295817261,1000
927,-84.63701978087406,-83.87180848221067,1000
928,-89.71763864040332,-88.77488846537786,1000
929,-121.23162179008078,-119.42467323723572,1000
930,-59.56417118847346,-56.41585803212133,1000
931,-65.2632434181868,-66.71407687680777,1000
932,-64.17714164466555,-63.06156834423716,1000
933,-119.38149505492353,-117.57106689267152,1000
934,-129.7121122194821,-127.42918719969809,1000
935,-98.76328357532566,-96.824148453196,1000
936,-107.68833428598897,-106.24438870703075,1000
937,-56.59045086501519,-55.09773276056616,1000
938,-80.16167341900976,-78.33988410788226,1000
939,-35.6499909026732,-35.70084246187525,1000
940,-55.209277608180145,-54.47730682596268,1000
941,-58.48915387868849,-57.37990873099979,1000
942,-69.36442426562293,-68.17400029888705,1000
943,-95.20822963193031,-94.11556677311928,1000
944,-73.81668705433577,-72.52164006934503,1000
945,-97.90322924904495,-95.7716902355311,1000
946,-60.98552621901033,-60.91469192819924,1000
947,-88.60154308177492,-86.80117663540393,1000
948,-66.93902809984945,-66.0695330947711,1000
949,-88.26597420227208,-86.00117411863438,1000
950,-44.7404810243845,-44.202768087650206,1000
951,-94.05160939753013,-93.36169011629437,1000
952,-105.40128280837034,-103.22453483318981,1000
953,-54.926602292805846,-54.635421382314085,1000
954,-83.63373696699705,-83.08426138579328,1000
955,-78.8465291628238,-78.46532751335513,1000
956,-82.13011469874517,-80.33566325997711,1000
957,-98.34737037800215,-95.11329364250795,1000
958,-110.78814801912694,-108.3510384865086,1000
959,-36.3817402392623,-36.270247412843545,1000
960,-79.58881922110912,-78.80659588553762,1000
961,-64.89750370532232,-64.70343434972703,1000
962,-115.87627542145484,-113.96753876820654,1000
963,-63.29019796773777,-62.7961298466377,1000
964,-96.25393198560872,-94.18902160775419,1000
965,-88.7790947724875,-86.73465197300582,1000
966,-85.63143591567828,-85.22318301690815,1000
967,-113.17196469671974,-112.60230977010406,1000
968,-82.389343576878,-79.84357301523792,1000
969,-63.05200143367024,-60.3821507765831,1000
970,-100.29978567909387,-98.09088349229354,1000
971,-66.78433137834048,-66.47085716657327,1000
972,-165.05971655879256,-163.4685307991842,1000
973,-94.11459112450443,-93.27050757765991,1000
974,-109.12519965302135,-107.78912738322032,1000
975,-93.85377092588641,-92.30645236871854,1000
976,-66.55387010008054,-64.07427930416225,1000
977,-24.57110201582283,-23.044278462276267,1000
978,-54.129019388109405,-52.38192196512811,1000
979,-60.109119372740324,-59.47400319575711,1000
980,-96.67470589650748,-94.2527053415848,1000
981,-73.21078329645061,-72.36306851677898,1000
982,-63.421810940057064,-62.96240105907868,1000
983,-29.859075116514937,-29.303809803185917,1000
984,-130.67815978706037,-127.94263465247292,1000
985,-107.78241992682172,-107.71975538193391,1000
986,-30.848042456879867,-30.84482517545493,1000
987,-100.9310983859368,-100.55103426264012,1000
988,-42.64669794172055,-42.056035784563356,1000
989,-86.09278596974877,-82.65231400812253,1000
990,-75.23615790054158,-73.03385090860745,1000
991,-24.264584133624638,-24.19559772926307,1000
992,-23.6049199546872,-23.813237073572306,1000
993,-98.07910164476328,-95.8611804602983,1000
994,-75.94840885743471,-72.58175884903719,1000
995,-73.8210014571247,-72.34268257138748,1000
996,-74.80733131855703,-73.928776386405,1000
997,-106.28649198397939,-104.8895160130534,1000
998,-83.04392960108794,-81.48898252334571,1000
999,-55.32593335390062,-55.30318883886237,1000
1000,-70.39089235037548,-66.01356565269232,1000
1001,-94.42623615726774,-90.71754759086477,1000
1002,-68.93388767749045,-69.58458388824467,1000
1003,-92.23863952875087,-91.69506348497,1000
1004,-73.40906831860515,-71.91546644897566,1000
1005,-93.21733807146506,-90.88855672048064,1000
1006,-62.145694107562164,-59.80897987916882,1000
1007,-64.58277653165143,-63.00741512742677,1000
1008,-76.53036788882662,-74.5809784266157,1000
1009,-116.38050239833008,-117.78323196342065,1000
1010,-59.280171592980395,-59.29014100015142,1000
1011,-48.82776365160918,-47.80360804559946,1000
1012,-76.0010917879639,-75.48714591672952,1000
1013,-79.0265760922429,-78.32761323415396,1000
1014,-121.34073301419551,-119.60147116649289,1000
1015,-89.7354304894802,-86.97697715710142,1000
1016,-93.61026356115902,-92.98605261678365,1000
1017,-86.17580268889637,-85.11732450463641,1000
1018,-99.53335058160087,-97.6855047334251,1000
1019,-89.77290914341776,-88.91668525109222,1000
1020,-86.62110024780009,-86.26857078355665,1000
1021,-68.4167296320198,-67.9891095107844,1000
1022,-79.1547214838861,-78.57523350746105,1000
1023,-73.08794621840092,-71.55061906569351,1000
1024,-112.78716592982374,-112.38810261356518,1000
1025,-126.03396347962251,-124.43284863842895,1000
1026,-123.73379623162513,-119.67247067929142,1000
1027,-86.06622958660101,-84.96042826014366,1000
1028,-99.97720074195371,-97.61844924124742,1000
1029,-100.99219669774138,-100.45640882045011,1000
1030,-46.12348180487733,-45.420243402568744,1000
1031,-147.86291102076876,-145.4997187097023,1000
1032,-122.13076496228527,-121.09123902001687,1000
1033,-80.68043920651047,-78.63988283218255,1000
1034,-61.67282140526889,-61.00799241609994,1000
1035,-83.08161222398243,-82.35754730071936,1000
1036,-115.2901616320753,-113.22260689048008,1000
1037,-105.76275202229593,-105.1162469017112,1000
1038,-115.75490462586224,-114.18634094150742,1000
1039,-99.38626834593681,-97.57635401860286,1000
1040,-102.88068215087014,-101.81568839516419,1000
1041,-64.22393813684543,-62.12631970521453,1000
1042,-116.85896274991278,-116.30350092570536,1000
1043,-130.15211867351036,-128.25212772904808,1000
1044,-126.37479882836296,-123.1352843952913,1000
1045,-119.68432324141212,-116.67319731243485,1000
1046,-62.697787933945335,-62.193728264148575,1000
1047,-88.44139121416924,-87.17959386359132,1000
1048,-113.40227460578966,-111.10887537786117,1000
1049,-60.40180781513416,-60.19684420987862,1000
1050,-59.42649206072064,-56.728170862146776,1000
1051,-60.84255824595671,-60.46937254253112,1000
1052,-108.98413717748538,-106.80605271096874,1000
1053,-95.62680909246158,-93.15626566578031,1000
1054,-56.66092185007396,-55.1905972235572,1000
1055,-58.30165065288529,-57.34602801273787,1000
1056,-64.00075047656895,-62.585996863107745,1000
1057,-80.74504638701661,-79.41370375227689,1000
1058,-96.36636925082612,-94.46929669414413,1000
1059,-77.81527814671357,-77.43583274371127,1000
1060,-68.82906897008382,-68.27758224456585,1000
1061,-66.98885050803392,-66.9513977309878,1000
1062,-103.36244223615093,-101.26195810516705,1000
1063,-85.83522181197965,-84.81374864256075,1000
1064,-66.17941022038434,-65.2246727394174,1000
1065,-107.31957952633455,-106.32372714389997,1000
1066,-128.78384064167687,-126.69455933614508,1000
1067,-127.17707254633241,-126.63086861635404,1000
1068,-116.03109029002428,-114.0373889746855,1000
1069,-64.95829273074848,-64.63016673895545,1000
1070,-86.34650983832749,-84.79974319459986,1000
1071,-110.97519331879866,-109.85414878010333,1000
1072,-90.33776917431469,-89.93566886240758,1000
1073,-52.367558104470184,-52.39007340380795,1000
1074,-118.35182214997671,-116.53563780899172,1000
1075,-90.70328740209308,-90.01215124074288,1000
1076,-123.07525482656376,-121.08718529057323,1000
1077,-102.99418284967504,-102.46424305756047,1000
1078,-97.56883497979442,-95.47173922147405,1000
1079,-108.24097151553204,-105.39518979924887,1000
1080,-106.40772553861109,-101.82836485632863,1000
1081,-59.57602554544789,-58.31623476276815,1000
1082,-79.146381230205,-74.82302772471638,1000
1083,-90.27251081898781,-89.38233731968667,1000
1084,-44.68038301398943,-44.39136921819185,1000
1085,-34.39180203104358,-34.47272768687886,1000
1086,-75.54239258594777,-73.85706179983626,1000
1087,-105.32465119123418,-103.66211945864795,1000
1088,-125.90476002454723,-125.42680618834565,1000
1089,-129.12800909146623,-127.88774173313793,1000
1090,-106.74506121694999,-103.15804128163043,1000
1091,-113.9859331613215,-112.63342714280353,1000
1092,-127.54848090663499,-126.22549957861315,1000
1093,-70.9624103337524,-69.9787625649131,1000
1094,-116.899097398556,-116.72819539536036,1000
1095,-100.97956552360158,-99.14068254720829,1000
1096,-116.2658405891055,-115.81847914632873,1000
1097,-118.16529641337615,-117.48058878712538,1000
1098,-85.75675132900449,-83.35391049417692,1000
1099,-87.51210389807787,-86.27726965378018,1000
1100,-74.49804794894514,-73.22498674140598,1000
1101,-133.27197147110417,-131.43272933989508,1000
1102,-61.60484840333431,-61.028724988337196,1000
1103,-26.733488793521666,-26.66637140513751,1000
1104,-79.39267952397438,-78.24124974396858,1000
1105,-55.20595579892383,-54.28543230284438,1000
1106,-89.961246423721,-89.04326673943042,1000
1107,-43.361013097762736,-42.89731451582456,1000
1108,-119.04757019378195,-117.4272873464205,1000
1109,-159.66411652665624,-159.4475164441943,1000
1110,-122.37677915640117,-120.55880341974995,1000
1111,-102.86479822993235,-101.83155754093013,1000
1112,-80.17904674783314,-78.71161470198243,1000
1113,-121.93514507353235,-121.17321370933094,1000
1114,-95.44890677034816,-94.991258544142,1000
1115,-109.19467774301735,-109.02989219875141,1000
1116,-103.39646210122822,-100.79054460492097,1000
1117,-79.66734496340126,-79.04138542496403,1000
1118,-94.05218864977309,-93.6524625319446,1000
1119,-53.255417378693714,-53.35739104164942,1000
1120,-120.23320005886211,-119.01502243640385,1000
1121,-65.52412385314669,-65.2047483070222,1000
1122,-101.23509997308217,-99.80825468393323,1000
1123,-91.5506215111907,-90.28523486827766,1000
1124,-129.6927653254934,-127.60712051526615,1000
1125,-140.8685364125669,-139.23628353965506,1000
1126,-87.23389730595011,-86.43712017584116,1000
1127,-132.38211512029122,-130.70448281093397,1000
1128,-118.50848969604766,-116.58463994577531,1000
1129,-107.65552415966954,-106.67969863743889,1000
1130,-107.48294764801817,-106.92064250797281,1000
1131,-96.37390956535887,-94.9218558480198,1000
1132,-117.75672076731865,-115.44277516942296,1000
1133,-96.75430898554576,-95.23510023136657,1000
1134,-65.60711274117195,-64.60545102864954,1000
1135,-125.88252619668785,-124.02685385011276,1000
1136,-103.97419629491839,-101.21063225484275,1000
1137,-41.06906742539232,-38.49572664615128,1000
1138,-128.4542612358924,-128.0930279976373,1000
1139,-138.33618545159686,-137.40351677050495,1000
1140,-142.36875304635677,-140.85224822648962,1000
1141,-80.34099605381448,-79.49635945521734,1000
1142,-113.25065004542431,-112.56800380210458,1000
1143,-103.7927102380987,-102.95118932667928,1000
1144,-124.38528831064649,-123.55459637328808,1000
1145,-121.21514281641647,-119.64488874883965,1000
1146,-113.86296157285531,-113.78977212710012,1000
1147,-170.88680694233722,-169.64428484760379,1000
1148,-113.2150091574337,-110.83865717789176,1000
1149,-157.02999120295107,-154.79374478819653,1000
1150,-126.95563440233427,-126.10249218645616,1000
1151,-96.44504345893822,-92.86894115150652,1000
1152,-110.37059612132558,-108.91894066769065,1000
1153,-114.2480001710351,-113.49537194997494,1000
1154,-66.83334865517891,-65.98062390424923,1000
1155,-130.34653425157018,-128.938197993049,1000
1156,-114.63313587777256,-113.30848229612018,1000
1157,-82.66511664703468,-80.98985946519933,1000
1158,-54.02144550777948,-53.139590649255766,1000
1159,-73.16846918821307,-71.35949442070391,1000
1160,-86.46922416768945,-85.00162329672253,1000
1161,-87.05276326503595,-84.53572619504651,1000
1162,-82.49927934321539,-81.91336814601402,1000
1163,-126.4193402617883,-124.64176338450618,1000
1164,-122.61275502353845,-119.58179897737887,1000
1165,-66.84056212052667,-66.47747111508201,1000
1166,-126.30081286976991,-124.4154469860565,1000
1167,-105.5074610182639,-103.91920663878234,1000
1168,-68.24182004690138,-66.91000009818603,1000
1169,-54.171101312934944,-54.010815667934786,1000
1170,-101.92916052147707,-100.74135224013166,1000
1171,-114.42764661706931,-113.2884774482004,1000
1172,-62.55785953387591,-62.182637886312165,1000
1173,-94.11073151759751,-93.45682109701376,1000
1174,-92.69674236342277,-91.73662625685111,1000
1175,-55.53627953559128,-54.994120835789,1000
1176,-121.89468685407124,-121.44238466280041,1000
1177,-119.00951473638344,-117.55830629015936,1000
1178,-127.31198995768973,-125.902368928914,1000
1179,-64.98113352909644,-64.92395302383423,1000
1180,-86.68243647947857,-86.13994849350188,1000
1181,-109.32033204421356,-108.12233435449724,1000
1182,-123.96784362085126,-122.35803228185729,1000
1183,-122.97098636373833,-123.1764942539734,1000
1184,-122.17501399494651,-120.37945278256225,1000
1185,-106.96987819313966,-105.10234569344924,1000
1186,-147.35227238304898,-145.1485289852868,1000
1187,-101.82156750194693,-100.96231790123315,1000
1188,-85.61047032080572,-85.15092796352599,1000
1189,-149.2541278778017,-149.67773928537284,1000
1190,-115.72591435469653,-112.20424636205769,1000
1191,-114.07799100872086,-112.52689481568925,1000
1192,-83.25489089824235,-82.99868944505297,1000
1193,-116.55636291774405,-114.58981256058311,1000
1194,-127.07430484376798,-125.89789925685767,1000
1195,-108.19143601827282,-106.42935246084625,1000
1196,-103.05407860934709,-101.5734034811125,1000
1197,-117.16140825644092,-116.6527664498265,1000
1198,-113.6583958147463,-113.02853743147816,1000
1199,-59.644144407957526,-58.626496756613264,1000
1200,-107.304919082075,-106.49958539718928,1000
1201,-98.47934643477174,-98.27200091487109,1000
1202,-107.94590110778769,-103.1989204542109,1000
1203,-133.8253470851102,-132.72313608514085,1000
1204,-97.5776071930674,-96.41619006574743,1000
1205,-84.84469896078089,-83.17200827673828,1000
1206,-79.44828739598367,-78.72845472522243,1000
1207,-90.78287667274454,-90.14031986021152,1000
1208,-80.15612231068295,-77.73558919648944,1000
1209,-79.1493614551421,-78.47170397960785,1000
1210,-88.88745924551043,-87.13192400894607,1000
1211,-146.9987802860537,-147.8820844670507,1000
1212,-126.93025190493054,-125.23222516224914,1000
1213,-86.40014628529514,-85.85248771410603,1000
1214,-118.45101396478655,-116.07422589239017,1000
1215,-97.7469693532584,-98.17090563597644,1000
1216,-96.95953381419156,-95.79438816241635,1000
1217,-66.82081241846046,-67.97750254648263,1000
1218,-109.41823890820093,-108.32794618933825,1000
1219,-80.22750374816331,-78.36358511518416,1000
1220,-66.84106477469182,-65.81355614206244,1000
1221,-101.76974570598873,-100.9283646586697,1000
1222,-125.94385971155,-123.42278011055258,1000
1223,-66.91676064372035,-66.93993000600722,1000
1224,-108.5331801994884,-106.36646614345287,1000
1225,-126.75033988183765,-124.66434075369595,1000
1226,-106.66747866344129,-103.40490457137798,1000
1227,-128.5417440251626,-126.54700523484168,1000
1228,-83.0655309088527,-80.6168262285876,1000
1229,-102.16333533145439,-100.72698595856617,1000
1230,-53.034799223690946,-52.08346214054695,1000
1231,-93.94469687089295,-92.69747067448282,1000
1232,-128.49709981122922,-128.73311820622885,1000
1233,-56.850499905645464,-55.086099895264184,1000
1234,-87.87777891494301,-86.62939530944962,1000
1235,-83.68098089222285,-79.93209433912651,1000
1236,-117.80265790570691,-115.43034684932927,1000
1237,-88.52484420046183,-86.81578116944927,1000
1238,-83.10975604817224,-82.73165065818932,1000
1239,-94.19873964477291,-89.70399088809397,1000
1240,-57.50136905595652,-55.848051220958446,1000
1241,-82.90913707718227,-78.31305238749137,1000
1242,-83.461353761628,-83.20750069283767,1000
1243,-45.687282338328366,-44.968148309366704,1000
1244,-95.50412793766658,-94.5979835889975,1000
1245,-56.55983518645115,-56.92783274405691,1000
1246,-92.96723806410992,-91.55865344343977,1000
1247,-66.52672252297383,-66.1141976245124,1000
1248,-96.39154931217402,-94.79918797793079,1000
1249,-70.56733914345467,-70.18096287617985,1000
1250,-94.00321047648744,-92.82797123355009,1000
1251,-86.14602207370068,-84.95488155669624,1000
1252,-112.329909062683,-110.16422633004262,1000
1253,-102.75264243900736,-102.12489481687408,1000
1254,-90.57980540856691,-90.33428694668406,1000
1255,-84.72790274888256,-79.92376508534996,1000
1256,-77.70516841098637,-76.78998208034713,1000
1257,-101.24962161719749,-100.75529106128495,1000
1258,-85.77531040079862,-84.83423784648949,1000
1259,-136.34376889934728,-133.9574081583819,1000
1260,-81.45480881854863,-77.52439065340728,1000
1261,-87.58520903436428,-86.29897369880882,1000
1262,-59.61341326504926,-59.447463178128245,1000
1263,-141.5097521629925,-140.53084551727463,1000
1264,-106.30243722096041,-105.31931020554707,1000
1265,-114.31164973104318,-112.32300683113667,1000
1266,-30.507763283699656,-27.362859736753684,1000
1267,-85.22204095438103,-84.66409711338466,1000
1268,-72.56635717213135,-71.74499997408641,1000
1269,-101.87220015144862,-100.20433674594061,1000
1270,-73.88117870435063,-72.49507892869791,1000
1271,-77.92712881579966,-77.08992530023902,1000
1272,-113.96517682746003,-112.9641666235561,1000
1273,-67.40994283631414,-66.97882069217573,1000
1274,-105.27398932248283,-104.26747663837378,1000
1275,-98.93684214113243,-96.725574928949,1000
1276,-121.49023713240324,-120.45337092167433,1000
1277,-163.83728616211567,-163.2013450938344,1000
1278,-105.11808559901968,-104.03269906495123,1000
1279,-53.576091904416515,-53.20766496481242,1000
1280,-88.6273482777175,-88.30260000933148,1000
1281,-143.90914666671293,-143.39922573817705,1000
1282,-82.03323856863624,-80.85295932486989,1000
1283,-93.14034423917492,-92.73917376973716,1000
1284,-62.91959784403417,-61.78605788380051,1000
1285,-139.4046410536019,-138.70772545475748,1000
1286,-34.47964139586765,-32.42703124048718,1000
1287,-134.19184540808163,-134.0299244323658,1000
1288,-126.03211354389728,-125.5233883436955,1000
1289,-133.96522346317727,-132.79264590618388,1000
1290,-86.88001370668378,-83.21009983509605,1000
1291,-113.94357806175903,-113.79062472466602,1000
1292,-66.53809224635314,-64.91255624452151,1000
1293,-143.5814993775632,-142.3562788904544,1000
1294,-166.9798105615035,-164.35485215030315,1000
1295,-108.26229602701923,-107.46187741838867,1000
1296,-123.57681479707315,-123.10476596521646,1000
1297,-121.86061075687343,-118.9544770370725,1000
1298,-124.37170507434678,-124.74934838968612,1000
1299,-106.39054068779532,-105.53564671554587,1000
1300,-158.50649721093535,-157.9876536718095,1000
1301,-155.38608124725553,-151.53484731504392,1000
1302,-116.10516429476372,-112.75385231748882,1000
1303,-136.9453501788526,-135.7010413693576,1000
1304,-268.079919128716,-118.08870913813503,276
1305,-155.91970382087004,-153.94807573467696,1000
1306,-137.89502729870406,-135.99635117497553,1000
1307,-133.11778605706965,-131.42414777232446,1000
1308,-68.25266529947477,-67.96298489718649,1000
1309,-396.0160349529978,-237.53908439948907,838
1310,-92.76286606803502,-88.8079113356909,1000
1311,-88.9871189580854,-88.54783755147658,1000
1312,-80.59790435627878,-80.03093402402617,1000
1313,-121.77264222025825,-120.5279017132288,1000
1314,-115.62104688301649,-114.42321837648026,1000
1315,-53.10940218493305,-51.660294115282106,1000
1316,-359.2897987291587,-207.3363291842511,689
1317,-161.56356740631222,-161.33500235244685,1000
1318,-110.35565141543718,-110.12418717640365,1000
1319,-110.81888488367156,-110.75680378636895,1000
1320,-191.43411968983827,-189.8132425863773,1000
1321,-164.62265229836152,-163.95220385718272,1000
1322,-130.63983271144278,-128.81333468546057,1000
1323,-117.68391835130697,-116.67097709100095,1000
1324,-116.3607742422813,-116.84172927177941,1000
1325,-107.33745510473788,-106.01043851688326,1000
1326,-120.07791235886442,-117.94752522966766,1000
1327,-64.57598476231058,-63.88190611518081,1000
1328,-111.45518166653753,-110.15581417861873,1000
1329,-114.87298686880534,-113.53539524756155,1000
1330,-61.93417833022768,-57.82698807542316,1000
1331,-104.36742353647912,-103.49711555342358,1000
1332,-164.8753243679563,-163.845329301763,1000
1333,-89.26882878586626,-88.97278708080229,1000
1334,-54.04981407582732,-54.02297108802224,1000
1335,-121.90293340206097,-119.99028911543765,1000
1336,-80.72362592678499,-77.18086742021009,1000
1337,-63.351476780399594,-59.601341372022226,1000
1338,-106.29003470152594,-105.02071998701321,1000
1339,-38.43773622214782,-34.93537748785794,1000
1340,-220.6398919123412,-81.93757390606173,212
1341,-45.51196376636577,-44.67384128077849,1000
1342,-110.2315818449848,-108.11945106104542,1000
1343,-72.5978315791486,-71.53096496904183,1000
1344,-108.71180683765498,-106.74925269794622,1000
1345,-133.10494954884948,-129.8214232538697,1000
1346,-87.10420204788412,-85.08121273690725,1000
1347,-96.29246879231148,-94.80651154380674,1000
1348,-120.66419833809424,-118.27271950706701,1000
1349,-82.96919450640657,-79.99276717783437,1000
1350,-44.29819471716858,-43.75063986523956,1000
1351,-71.64977523893108,-70.96018872314885,1000
1352,-67.53512564822996,-66.43846548941617,1000
1353,-60.97386497937129,-58.47138405343577,1000
1354,-118.04172314323417,-117.10209999575684,1000
1355,-93.78672719955412,-92.40352812264122,1000
1356,-70.04614692650702,-69.45503235619323,1000
1357,-93.16066223055087,-91.05912303218788,1000
1358,-59.26772025287137,-58.96967385660557,1000
1359,-77.69195557638977,-76.64565669294126,1000
1360,-98.51588469825634,-97.75218264052839,1000
1361,-69.13486200449958,-69.36555524693254,1000
1362,-57.615855186730236,-56.59308449935844,1000
1363,-84.40641475081432,-82.18232520714334,1000
1364,-119.66325504758328,-117.64430274485808,1000
1365,-66.0917585072663,-65.96229782049518,1000
1366,-111.61020594436619,-108.87370760316068,1000
1367,-92.90063052497766,-92.34862229066809,1000
1368,-103.01355609811783,-101.26286339802411,1000
1369,-105.39886853061566,-103.85005257750109,1000
1370,-113.45849132388784,-112.62821085297495,1000
1371,-124.25549195256006,-122.20182474066814,1000
1372,-95.09845747485716,-93.23982784734403,1000
1373,-114.58021558649808,-112.73107136908538,1000
1374,-78.90511338040191,-75.15026945336925,1000
1375,-62.38275614306298,-61.6151321749896,1000
1376,-164.0906714930384,-165.33910054438306,1000
1377,-87.00132151283303,-84.18287013349578,1000
1378,-116.35836455568642,-115.58916801055575,1000
1379,-73.43196113929109,-72.37101815622766,1000
1380,-125.32654748160346,-123.85343298572434,1000
1381,-51.60290995567999,-51.05562365320442,1000
1382,-93.78574974670974,-93.0603548073528,1000
1383,-125.21244025129765,-123.1701617508571,1000
1384,-133.37401038467857,-132.53701032261532,1000
1385,-132.13146821308828,-130.19356863843754,1000
1386,-103.69099594712218,-102.53637231489134,1000
1387,-82.7263633416591,-81.37561468400249,1000
1388,-107.63591945718922,-102.81441104177297,1000
1389,-59.60823174983228,-59.2606123066995,1000
1390,-102.76821853786662,-101.32600803095387,1000
1391,-106.1796261125962,-105.34592678042377,1000
1392,-119.23806732296893,-117.81588688944355,1000
1393,-18.779285200461512,-18.69400692876894,1000
1394,-101.40370310319535,-99.76686610177741,1000
1395,-63.91412712007751,-63.416833724885095,1000
1396,-80.39777983285464,-78.84556480566344,1000
1397,-91.14323512285908,-90.27994783329619,1000
1398,-42.19044433254722,-41.09371958274407,1000
1399,-70.41558088570801,-65.46806686119096,1000
1400,-84.95272008649957,-82.53452532578645,1000
1401,-65.21787931140503,-63.45042599394381,1000
1402,-102.82931092157912,-100.92448311970887,1000
1403,-106.76779437996389,-105.46569945066535,1000
1404,-88.54990977913107,-87.15807277594094,1000
1405,-70.97951489686953,-69.90300718570187,1000
1406,-54.44827608302237,-53.49374333832991,1000
1407,-94.56468331810031,-92.92582514976003,1000
1408,-68.09489100173076,-66.38405536951916,1000
1409,-81.53172633841591,-80.80296899587667,1000
1410,-86.04870097599891,-82.06523464991172,1000
1411,-97.22844361238137,-95.84834043781305,1000
1412,-57.985292089730535,-57.30343578540567,1000
1413,-98.4331033665311,-96.62454937747707,1000
1414,-78.022713325396,-77.19251015282705,1000
1415,-76.39628777861567,-75.42199788040567,1000
1416,-80.02093086391672,-77.37871224089139,1000
1417,-124.88784400902651,-121.46176452402986,1000
1418,-112.66344996854605,-112.45261520805816,1000
1419,-93.26646124824855,-92.01935926234418,1000
1420,-66.78062727170057,-66.05992000579265,1000
1421,-50.40476967839484,-50.90748880462093,1000
1422,-70.04771255008859,-69.52169566760185,1000
1423,-54.72576461955883,-54.32855187893537,1000
1424,-84.74726486623263,-81.14479583584509,1000
1425,-69.57101025164097,-69.2102384405295,1000
1426,-80.35586246475546,-79.12432238598268,1000
1427,-81.14951061710678,-80.93035437568284,1000
1428,-116.29380084842376,-117.11788167135957,1000
1429,-118.56386961314759,-117.21258279555093,1000
1430,-83.3020650318262,-82.88550879172952,1000
1431,-125.46485377810856,-124.14846365071222,1000
1432,-55.6390997052191,-54.974108358567264,1000
1433,-74.81222212813793,-73.37434332986072,1000
1434,-98.04885946057219,-97.65974869832327,1000
1435,-77.86467528212805,-77.35744886630545,1000
1436,-111.57456555569485,-109.42964069880699,1000
1437,-94.80565419178414,-92.91157154148502,1000
1438,-85.96885984629373,-85.35309152258114,1000
1439,-78.44628767341351,-78.04424600826694,1000
1440,-80.91633656859388,-82.07039067537916,1000
1441,-117.42957434669073,-115.009382605689,1000
1442,-84.2047199929503,-83.55034854452204,1000
1443,-113.91310547366675,-113.0174414508735,1000
1444,-128.92371086925203,-127.56625811380896,1000
1445,-99.2168506990368,-97.71361798316336,1000
1446,-118.98645826235368,-119.02485127940142,1000
1447,-70.70412414014316,-70.1121239534179,1000
1448,-116.10382879614778,-114.17801545057792,1000
1449,-88.38320192777992,-84.6574428839111,1000
1450,-68.58535988479841,-68.27319334142123,1000
1451,-111.46355878837362,-109.54018591189146,1000
1452,-92.97441158130736,-92.08321517284821,1000
1453,-82.03214760094833,-81.08256809017952,1000
1454,-148.6610658517808,-146.7325557641741,1000
1455,-152.31445116436666,-148.87379238899433,1000
1456,-109.84705832362133,-109.30485970206269,1000
1457,-136.66018809758125,-135.40527684262224,1000
1458,-118.30410958006925,-117.78567010920922,1000
1459,-127.79068474713655,-127.95448365363163,1000
1460,-91.10932094141819,-90.53258719980703,1000
1461,-73.09893440484981,-71.51523048480479,1000
1462,-113.19578671067902,-112.43271959516629,1000
1463,-105.43135449692565,-104.25398054780646,1000
1464,-94.68102164834707,-93.98621685091985,1000
1465,-137.96628270871898,-137.01244420180532,1000
1466,-100.20203481544696,-98.70067350393765,1000
1467,-138.8739279047584,-136.2487464166762,1000
1468,-121.29283444516297,-120.72406804841503,1000
1469,-79.71098614871485,-76.68927041033055,1000
1470,-106.31780509494192,-104.3817334900327,1000
1471,-88.78804168052956,-85.51139002421922,1000
1472,-94.33816523075083,-91.07512545836886,1000
1473,-82.91643191039518,-81.33128707658553,1000
1474,-111.84669502302958,-111.54491767732245,1000
1475,-103.43132039286138,-102.22646056419475,1000
1476,-110.3393042299145,-109.23443147251055,1000
1477,-86.24434443533372,-83.94282042705053,1000
1478,-68.9643744149803,-68.82380198289721,1000
1479,-70.53548440396743,-69.84279444268213,1000
1480,-256.3056665170193,-116.75656378457887,374
1481,-161.77021789969942,-159.52451231409242,1000
1482,-123.88389598697387,-122.27531642548384,1000
1483,-92.20863823547928,-91.7052895772845,1000
1484,-139.48667199660088,-138.34002933842402,1000
1485,-58.506885542496974,-56.87989196789351,1000
1486,-118.09213284060303,-116.41351730338401,1000
1487,-88.26796792918793,-86.35347100949322,1000
1488,-109.00214270502305,-108.0767953229836,1000
1489,-96.10504504799816,-95.33053451062727,1000
1490,-101.17686877796385,-99.03579804506649,1000
1491,-143.7187580160797,-143.2079600655106,1000
1492,-110.04084027198094,-108.13421338989662,1000
1493,-74.26694274678802,-74.7153841023376,1000
1494,-89.4606063357738,-85.71632733118741,1000
1495,-119.63157458625686,-118.26787170317189,1000
1496,-65.69702921509705,-63.582206875481276,1000
1497,-35.680015200078344,-35.03745930271527,1000
1498,-77.08988217239954,-76.21672476394333,1000
1499,-126.85045018821917,-125.59020202280891,1000
1500,-65.71817045308634,-65.52313427879648,1000
1501,-49.79130025774224,-49.344302338537666,1000
1502,-76.20633035734267,-70.97496403903591,1000
1503,-175.8796489480137,-49.0990029442985,177
1504,-79.40757682688505,-78.08208464987902,1000
1505,-100.37252859741388,-99.59950693697733,1000
1506,-58.5671452346443,-57.01497588522268,1000
1507,-108.49156743688901,-106.06650919881618,1000
1508,-70.67689868509748,-69.86486397120171,1000
1509,-100.30651315513963,-98.78079851777817,1000
1510,-94.24069463178505,-92.29210953982323,1000
1511,-79.3295613309739,-78.67477572561106,1000
1512,-65.76947516024063,-64.99156642513869,1000
1513,-50.44536675423362,-48.412625107169575,1000
1514,-95.42856907874311,-95.08591674416519,1000
1515,-124.1590001926565,-123.05157862314343,1000
1516,-143.45457685861717,-141.28478798684645,1000
1517,-65.16492586418948,-63.285171966123656,1000
1518,-98.25122219875433,-97.40522844877593,1000
1519,-144.51926965042918,-144.2384400385459,1000
1520,-89.54575224995573,-88.76239346738404,1000
1521,-147.6028151716293,-146.54033075398962,1000
1522,-94.26352775484294,-93.29272338082284,1000
1523,-106.6080533528324,-107.49420701341099,1000
1524,-157.15545734763185,-156.05271812101878,1000
1525,-149.19551550095935,-147.71142470614595,1000
1526,-118.69782889686478,-117.96429679363241,1000
1527,-100.84149070635392,-99.7009251011859,1000
1528,-142.0528245383502,-141.50394466430117,1000
1529,-110.96893239319277,-110.36391583663367,1000
1530,-159.07522996671534,-158.69645576389195,1000
1531,-125.89986156111524,-121.3203889625712,1000
1532,-112.97286499500217,-111.95449291823358,1000
1533,-58.77560859277811,-57.15692274814622,1000
1534,-143.65839044392126,-142.73427546048,1000
1535,-106.25269038855977,-105.78251719382834,1000
1536,-67.6459809421744,-65.3129001531478,1000
1537,-125.39684214447577,-123.42530201454177,1000
1538,-141.0024124667049,-139.5866571019552,1000
1539,-114.910758719374,-113.2049798673317,1000
1540,-97.10934938091744,-95.41159808607297,1000
1541,-122.73122238460863,-122.86587298416026,1000
1542,-81.06597739394712,-79.34671301694517,1000
1543,-120.4238919419046,-117.72913108730447,1000
1544,-74.09295880734891,-72.9403870626891,1000
1545,-95.60001153223182,-96.10370515144842,1000
1546,-86.94538518569411,-85.00247571766567,1000
1547,-83.6992042675612,-82.45791107267466,1000
1548,-92.29175927236632,-91.07655410529503,1000
1549,-66.99992854759067,-66.22002037631498,1000
1550,-191.8826162749527,-69.97198106153928,318
1551,-89.22589943796359,-88.42046812624734,1000
1552,-113.91103066995697,-111.64296025697739,1000
1553,-64.30227909229674,-64.08996473631701,1000
1554,-67.75683197766503,-67.41187617342482,1000
1555,-65.69337038606376,-64.96863373117814,1000
1556,-86.59038303680677,-85.11498339793704,1000
1557,-81.3094481227171,-80.79336910166748,1000
1558,-118.43790193812868,-113.82894558331273,1000
1559,-88.58724322035886,-87.81909505391822,1000
1560,-148.32620793298855,-145.8667233378221,1000
1561,-75.99160581767549,-74.78488122990495,1000
1562,-88.5118254105745,-88.27559738377103,1000
1563,-106.19517778262447,-105.78823130098884,1000
1564,-88.3673626827071,-87.24718203984273,1000
1565,-85.87119691923229,-85.6507332307709,1000
1566,-135.18775424960938,-133.84859290903765,1000
1567,-98.42204334415455,-97.9078618732757,1000
1568,-160.7524797221931,-159.8188398274867,1000
1569,-116.18909230261993,-115.86254078541843,1000
1570,-105.54997990991887,-104.3256521918337,1000
1571,-130.22281807310807,-129.75973722436163,1000
1572,-90.08269975051252,-88.62381713290621,1000
1573,-160.1176258108398,-158.25662984721558,1000
1574,-100.05620815504292,-97.8469199115478,1000
1575,-81.1764429579673,-79.84007881128875,1000
1576,-82.23374696060976,-80.63591131880902,1000
1577,-128.2652518036582,-126.25734516036133,1000
1578,-122.23348888374812,-120.39595928402916,1000
1579,-122.70417454495957,-121.71455386669423,1000
1580,-196.6422146175057,-64.17998644149498,168
1581,-58.76515463142636,-58.10242260211956,1000
1582,-97.19395978569956,-96.8339482180238,1000
1583,-67.81749648073657,-63.24666637257411,1000
1584,-68.16125750571489,-64.88015742073567,1000
1585,-74.2108122131226,-73.36055632160227,1000
1586,-109.12486356459502,-106.90942820728559,1000
1587,-126.1844023353786,-124.65755066521498,1000
1588,-143.9105703004074,-142.0727377410768,1000
1589,-98.86589709252084,-98.27363628816161,1000
1590,-93.30880941992592,-91.68093665206757,1000
1591,-107.72797920778359,-107.03571471738334,1000
1592,-137.6527563858032,-138.4378653956217,1000
1593,-105.09484141509937,-103.42750182516112,1000
1594,-120.18856969043588,-118.38261949975802,1000
1595,-144.05522267464582,-142.0623115308746,1000
1596,-83.63379103273108,-82.8309735034003,1000
1597,-125.65364303279621,-124.00613932298312,1000
1598,-118.69135148048352,-118.22742009968307,1000
1599,-79.59337538659516,-79.11814588241155,1000
1600,-150.4133610196785,-148.70190033720962,1000
1601,-113.10037102185132,-112.12459628336427,1000
1602,-90.9222690595312,-90.92337128286417,1000
1603,-123.3683423699808,-122.10896227162274,1000
1604,-120.64611466485948,-118.56974494144339,1000
1605,-113.82181575783012,-111.71761043607506,1000
1606,-86.91607207372758,-85.65547413982388,1000
1607,-77.595358856618,-76.63354090788226,1000
1608,-78.58280502915359,-78.15218753660828,1000
1609,-124.87144615158375,-123.77625821312117,1000
1610,-137.11671822679196,-135.36793461743275,1000
1611,-89.33135628625726,-87.53296949684729,1000
1612,-144.12521115697922,-143.60872474018504,1000
1613,-113.06384652450639,-111.9546739273018,1000
1614,-116.94019547577908,-115.40497679334098,1000
1615,-94.35807013094379,-94.20615905398245,1000
1616,-130.00020366214147,-130.38231753097804,1000
1617,-88.23738517358879,-87.25702668029295,1000
1618,-80.17693728163815,-78.58166008165011,1000
1619,-146.4035233889615,-143.93025004913326,1000
1620,-114.3891997925933,-113.25387459784609,1000
1621,-118.18365906007543,-115.71911301343661,1000
1622,-107.37240434879396,-106.57370700549727,1000
1623,-100.02029071338451,-98.80462428469706,1000
1624,-67.04503153305484,-66.97637259191418,1000
1625,-127.60104190308552,-126.41669542609792,1000
1626,-105.66850992000616,-103.82681350268284,1000
1627,-100.34409099668214,-99.42670675142064,1000
1628,-118.43782527543553,-117.3437440658482,1000
1629,-155.1329870529475,-152.4590760930403,1000
1630,-61.09022282617607,-60.36543503334524,1000
1631,-83.1000052192805,-81.85068344891741,1000
1632,-129.39155644305,-127.62611741095186,1000
1633,-92.32033598616692,-92.09020836764164,1000
1634,-58.223721265233706,-57.49420819565044,1000
1635,-53.48615738645174,-51.37181749519914,1000
1636,-131.08141639392747,-128.76260061353753,1000
1637,-106.01170394699962,-105.03892533865896,1000
1638,-104.82063877411136,-102.66597883622434,1000
1639,-124.30316537596208,-122.68109713173303,1000
1640,-100.72575860446264,-99.00686253849165,1000
1641,-61.4196804472802,-59.292516761889246,1000
1642,-87.05666936367706,-86.51495698904561,1000
1643,-80.17116378542003,-78.52789886350692,1000
1644,-95.483154866397,-94.81672150519724,1000
1645,-101.07767080660881,-99.1643950415003,1000
1646,-36.28200451925377,-36.82463774777279,1000
1647,-76.70474777087551,-74.09571966233977,1000
1648,-89.19727514535163,-89.63358869321053,1000
1649,-65.2095720420031,-64.30598056316977,1000
1650,-75.27221077553907,-73.82103892385805,1000
1651,-79.00236082978526,-77.91259128347681,1000
1652,-82.1373964534696,-78.34398745107474,1000
1653,-109.70994317337815,-108.43981200003277,1000
1654,-123.10696760378708,-120.98592234022573,1000
1655,-117.82653423316697,-116.21878457746163,1000
1656,-127.97218501680462,-125.54515991892599,1000
1657,-72.23070322200631,-71.25699482919308,1000
1658,-104.98689671568512,-104.54205157087885,1000
1659,-96.26199095480104,-95.23918050829494,1000
1660,-123.56676645398099,-121.53850653514124,1000
1661,-128.1152540261665,-127.26291486292203,1000
1662,-87.21902644162962,-85.96852334624118,1000
1663,-60.13641053736174,-59.65899453762141,1000
1664,-131.418206498474,-130.20419077432155,1000
1665,-72.60402583464948,-71.43655652998281,1000
1666,-112.1321783500532,-107.17833205664316,1000
1667,-105.92893938608428,-105.46147874282609,1000
1668,-108.90340843044164,-107.37197543873654,1000
1669,-85.89474833816263,-84.84971618875637,1000
1670,-97.4945553083715,-97.07586664963308,1000
1671,-104.41329265244265,-103.39280481104448,1000
1672,-84.37824861437058,-83.50423553014849,1000
1673,-86.34112866437033,-84.44581396599573,1000
1674,-81.7689354933796,-81.63954872472911,1000
1675,-117.10587812319332,-116.71336177010868,1000
1676,-137.5343440159405,-136.06030475268895,1000
1677,-112.3793330115449,-110.81418488627101,1000
1678,-84.38862290680397,-80.90864067475225,1000
1679,-110.45717860419239,-107.13039616659006,1000
1680,-116.72742867911172,-114.30202621324217,1000
1681,-77.64495900234564,-76.96895561271937,1000
1682,-49.790272898078044,-49.01797081196373,1000
1683,-90.31801334328908,-89.41109591004944,1000
1684,-92.56086478881484,-92.15419680024176,1000
1685,-123.64854066739949,-122.40488269680733,1000
1686,-75.82214630335555,-75.73806453690904,1000
1687,-114.17526171438347,-114.44805156905356,1000
1688,-96.49029116660313,-95.1756385691259,1000
1689,-50.963291140645794,-46.54554210076974,1000
1690,-85.90783166579858,-85.40805255550822,1000
1691,-119.39489725841135,-118.97366361184035,1000
1692,-69.04543893679961,-68.19748422240515,1000
1693,-106.54653953191773,-103.6479626258049,1000
1694,-81.01271675169447,-80.35176057033388,1000
1695,-68.90577573716622,-68.64458030604223,1000
1696,-98.3838684454277,-95.31303674980573,1000
1697,-95.94379013337152,-91.07132156742855,1000
1698,-111.40564382895778,-110.2365556959246,1000
1699,-106.37667983174269,-104.63263956158221,1000
1700,-85.08919560551612,-84.29869325114079,1000
1701,-56.6638977366311,-54.61714435065436,1000
1702,-79.41930339515176,-78.46136390272028,1000
1703,-63.057686690240885,-62.94786702105102,1000
1704,-77.17734895557139,-75.56616579426432,1000
1705,-118.7708442371705,-117.66671691985952,1000
1706,-97.25270754530999,-97.23293083026033,1000
1707,-95.6645106460895,-94.28348747611953,1000
1708,-116.97928524091773,-115.21446523822668,1000
1709,-75.39566813200682,-74.71175262098429,1000
1710,-132.5326642246541,-130.11045259806892,1000
1711,-68.93378414161481,-65.85368673429073,1000
1712,-82.93579336732594,-83.47641649920995,1000
1713,-192.17713364809748,-58.67115577060236,141
1714,-113.43340896323288,-112.24614956431873,1000
1715,-141.7538366337862,-142.7635479991433,1000
1716,-136.1933294513073,-135.5323377107287,1000
1717,-94.66800538167318,-93.8943739760542,1000
1718,-95.45017375692674,-94.97005293082265,1000
1719,-101.52347721107265,-98.8288820414633,1000
1720,-110.02046136394094,-109.71947964933156,1000
1721,-110.23048594228875,-109.78059763949948,1000
1722,-86.37578208439027,-83.81795373181762,1000
1723,-114.28903053238939,-113.66673342410317,1000
1724,-125.42338424667659,-125.11889692780328,1000
1725,-127.7345446184646,-127.16053827351762,1000
1726,-120.68817569196176,-119.39732706036263,1000
1727,-97.75150580948637,-96.55792065003408,1000
1728,-110.65754731781742,-110.01231291766669,1000
1729,-97.5379695074256,-96.31888505315254,1000
1730,-111.35597372908087,-109.65003420669274,1000
1731,-96.51982548057997,-96.844245048674,1000
1732,-100.8941713082788,-99.45921269068556,1000
1733,-97.3640461975333,-95.90843273680389,1000
1734,-129.51225037593338,-127.827077685171,1000
1735,-124.2741721875961,-122.00906898671921,1000
1736,-95.2111847433445,-95.3568533153376,1000
1737,-117.691662318948,-116.72645166076008,1000
1738,-99.10093054241449,-96.9792164355559,1000
1739,-83.13312955528471,-81.665422194441,1000
1740,-87.04924698993533,-85.76516808141328,1000
1741,-79.07727264910912,-76.54965835924342,1000
1742,-78.4858272650835,-77.61801694513275,1000
1743,-119.32188395343684,-118.52144013728451,1000
1744,-87.93617496576127,-86.91698118763011,1000
1745,-85.42019084853091,-86.12805092898189,1000
1746,-111.559185549877,-110.05536762474435,1000
1747,-103.78162197586106,-103.41313334218043,1000
1748,-80.93292483076435,-79.85878979404764,1000
1749,-68.10300268389246,-63.741385446156144,1000
1750,-104.98020311322007,-103.61785481382948,1000
1751,-126.70520345397226,-122.63944067026358,1000
1752,-70.37111179210221,-69.6329745300033,1000
1753,-92.11754526957841,-90.40756415105639,1000
1754,-89.84487803861465,-88.69481073956524,1000
1755,-74.72169883586443,-73.23904890996064,1000
1756,-97.09239655509553,-96.26310134004795,1000
1757,-119.02608107320899,-118.67670933492978,1000
1758,-120.20371228352123,-119.82279064121578,1000
1759,-87.06442895218676,-86.48351103401603,1000
1760,-49.441634002178745,-48.44865299385499,1000
1761,-107.47152592355336,-106.18683724003839,1000
1762,-88.84231113289428,-87.11238069202385,1000
1763,-91.01983356386404,-90.58442798249686,1000
1764,-153.50045645440034,-149.75439235102002,1000
1765,-67.90070071741931,-65.61171875400858,1000
1766,-64.0811441759761,-63.36465974136128,1000
1767,-132.82349520966352,-133.35939001716403,1000
1768,-100.30085223443754,-98.89530649333959,1000
1769,-117.75133854135828,-116.1270320849763,1000
1770,-95.84995723541793,-91.95544705007647,1000
1771,-84.08559475734789,-81.11153956360361,1000
1772,-111.13033938482349,-109.78569376785687,1000
1773,-86.68446459305449,-83.92979812349142,1000
1774,-43.33810995076743,-42.87926941488979,1000
1775,-64.11125268399691,-63.23698015948331,1000
1776,-88.11805735886072,-86.91189733566662,1000
1777,-56.7745258657633,-55.60865707777542,1000
1778,-110.80039413176429,-109.14086136576526,1000
1779,-77.02066059946986,-73.5897412492261,1000
1780,-71.7507633726856,-69.03801102982867,1000
1781,-126.20800251416827,-125.41181981646098,1000
1782,-75.42911996230468,-70.33977434379712,1000
1783,-72.46939186759278,-71.53873089703377,1000
1784,-137.75927261650554,-136.9757734569775,1000
1785,-110.33815570764196,-108.82249108324581,1000
1786,-93.4433808667952,-91.76136451229276,1000
1787,-54.65837156325554,-53.781534570681686,1000
1788,-39.58337793737654,-38.40942021693417,1000
1789,-107.6602863459284,-106.50526367482168,1000
1790,-101.20943551775022,-99.93448939202688,1000
1791,-109.6050746063137,-108.68518427972509,1000
1792,-79.36669779717914,-78.36547641980437,1000
1793,-78.00340360045391,-77.39064934458479,1000
1794,-91.47384999394382,-93.07804803331051,1000
1795,-63.21545221954555,-62.415611325187335,1000
1796,-69.40178532119826,-68.04494280232066,1000
1797,-74.81230125144099,-71.26463521891148,1000
1798,-114.06258511885942,-112.02280412417086,1000
1799,-113.87992628276292,-112.53258730543222,1000
1800,-106.28546769831287,-104.87615850998796,1000
1801,-105.8420217065511,-105.52298154444853,1000
1802,-78.09320233613228,-76.86142897467666,1000
1803,-108.31055108696192,-107.83540350814975,1000
1804,-74.63287117898443,-73.72235195565857,1000
1805,-67.56307588512055,-66.17294505535561,1000
1806,-100.82189480602705,-98.60964292005157,1000
1807,-91.15645833402839,-89.4343084908517,1000
1808,-86.5771049945055,-85.27417439909479,1000
1809,-68.51837813898898,-67.49561082101435,1000
1810,-74.44567705713195,-73.38465461572919,1000
1811,-71.26202122375354,-68.76787218638948,1000
1812,-82.1689830526707,-82.19781745306898,1000
1813,-81.61442388176891,-80.43290476475711,1000
1814,-95.76009631782728,-92.93774493040078,1000
1815,-124.22764220073753,-122.79084933179976,1000
1816,-95.15417289782282,-91.99119320810247,1000
1817,-86.9389872507003,-85.50758194443647,1000
1818,-118.33411808572637,-117.45273244076152,1000
1819,-76.36775697678293,-75.50291273191328,1000
1820,-51.79758391171667,-50.03872866978108,1000
1821,-90.63428886547639,-89.74520960979517,1000
1822,-79.75769444465622,-78.99831195222673,1000
1823,-102.40407347798318,-99.71448275094929,1000
1824,-93.30624287746811,-89.49133406796882,1000
1825,-81.63811869978876,-81.16306809212983,1000
1826,-76.80535281566885,-74.00604339802427,1000
1827,-119.0838207607524,-114.68250512114925,1000
1828,-90.34122818008026,-87.18108921312542,1000
1829,-77.86004384964681,-76.73309250834286,1000
1830,-44.754017934798995,-44.313528658558106,1000
1831,-61.0257588993013,-58.689339752472634,1000
1832,-82.41407050024684,-77.06514859962475,1000
1833,-103.45985552012868,-102.3725157407497,1000
1834,-99.10036230124501,-97.86721773762467,1000
1835,-62.51366525009263,-60.84748686311242,1000
1836,-43.18052222758499,-41.312413467315366,1000
1837,-117.97091552101006,-116.22156596716923,1000
1838,-81.01063450828156,-80.71721778054841,1000
1839,-82.87364366546232,-82.13226036067623,1000
1840,-116.15585697112542,-114.7025390470323,1000
1841,-72.01551470622394,-70.524138392747,1000
1842,-117.58288337618049,-116.26057314400492,1000
1843,-54.64247173249701,-54.0023759250267,1000
1844,-121.00808629669177,-119.15978075100006,1000
1845,-70.57448388505706,-69.90451629500645,1000
1846,-93.20578421909339,-91.97715859158204,1000
1847,-112.8728462998283,-109.84037421260926,1000
1848,-94.6393987143967,-93.23001820593542,1000
1849,-86.95060284884616,-87.13009331382217,1000
1850,-94.81437879167471,-94.00725096156104,1000
1851,-133.21528612374738,-131.18025281222583,1000
1852,-131.15658605541992,-130.9262808854843,1000
1853,-104.0616472427544,-100.56498753972718,1000
1854,-59.78953013867128,-58.06358410545569,1000
1855,-102.04252165861392,-101.49516525579844,1000
1856,-68.67600817650506,-68.19204143762187,1000
1857,-81.1544075988229,-80.14857929510408,1000
1858,-106.92390828885092,-106.4531488840899,1000
1859,-136.56591037765105,-134.8914128757123,1000
1860,-93.58218771755672,-89.46128369425229,1000
1861,-105.06157440811349,-104.30973515847155,1000
1862,-112.75364794999308,-111.16498291203445,1000
1863,-79.78818719863852,-79.12977729191259,1000
1864,-106.50703278832104,-105.19993472526603,1000
1865,-118.71002877779247,-117.37187411622499,1000
1866,-90.78305161729415,-90.06608409697456,1000
1867,-143.33962508551778,-141.2982627354209,1000
1868,-122.80206588763684,-123.31825531562953,1000
1869,-122.94554371826298,-122.82339465378733,1000
1870,-80.26698877438866,-79.59720392473243,1000
1871,-141.68463648354248,-141.1755377356455,1000
1872,-125.01840864334191,-123.37344003801837,1000
1873,-123.03712471388215,-121.04830111702955,1000
1874,-74.75765824899031,-72.95237953590468,1000
